icao24,callsign,est_departure,est_arrival,time,lat,lon,baro_alt_m,true_track,on_ground,velocity_ms,vertical_rate_ms,cas_ms
4cad89,SAS41A,,,1778856180,59.844455,16.7003,9319.1,0.0,False,216.28,-18.585,153.85
4cad89,SAS41A,,,1778856181,59.84251,16.7003,9300.5,180.0,False,216.28,-18.622,154.05
4cad89,SAS41A,,,1778856182,59.840565,16.7003,9281.9,180.0,False,216.28,-18.66,154.26
4cad89,SAS41A,,,1778856183,59.83862,16.7003,9263.2,180.0,False,216.28,-18.697,154.46
4cad89,SAS41A,,,1778856184,59.836675,16.7003,9244.4,180.0,False,216.28,-18.735,154.67
4cad89,SAS41A,,,1778856185,59.83473,16.7003,9225.6,180.0,False,216.28,-18.774,154.87
4cad89,SAS41A,,,1778856186,59.832785,16.7003,9206.8,180.0,False,216.28,-18.812,155.08
4cad89,SAS41A,,,1778856187,59.83084,16.7003,9188.0,180.0,False,216.28,-18.85,155.29
4cad89,SAS41A,,,1778856188,59.828895,16.7003,9169.1,180.0,False,216.28,-18.889,155.5
4cad89,SAS41A,,,1778856189,59.82695,16.7003,9150.2,180.0,False,216.28,-18.928,155.71
4cad89,SAS41A,,,1778856190,59.825005,16.7003,9131.2,180.0,False,216.28,-18.967,155.92
4cad89,SAS41A,,,1778856191,59.82306,16.7003,9112.2,180.0,False,216.28,-19.006,156.13
4cad89,SAS41A,,,1778856192,59.821115,16.7003,9093.1,180.0,False,216.28,-19.046,156.34
4cad89,SAS41A,,,1778856193,59.81917,16.7003,9074.1,180.0,False,216.28,-19.085,156.55
4cad89,SAS41A,,,1778856194,59.817225,16.7003,9054.9,180.0,False,216.28,-19.125,156.76
4cad89,SAS41A,,,1778856195,59.81528,16.7003,9035.8,180.0,False,216.28,-19.165,156.98
4cad89,SAS41A,,,1778856196,59.813335,16.7003,9016.6,180.0,False,216.28,-19.206,157.19
4cad89,SAS41A,,,1778856197,59.81139,16.7003,8997.3,180.0,False,216.28,-19.246,157.4
4cad89,SAS41A,,,1778856198,59.809445,16.7003,8978.0,180.0,False,216.28,-19.287,157.62
4cad89,SAS41A,,,1778856199,59.8075,16.7003,8958.7,180.0,False,216.28,-19.327,157.83
4cad89,SAS41A,,,1778856200,59.805554,16.7003,8939.3,180.0,False,216.28,-19.368,158.05
4cad89,SAS41A,,,1778856201,59.803609,16.7003,8919.9,180.0,False,216.28,-19.41,158.26
4cad89,SAS41A,,,1778856202,59.801664,16.7003,8900.5,180.0,False,216.28,-19.451,158.48
4cad89,SAS41A,,,1778856203,59.799719,16.7003,8881.0,180.0,False,216.28,-19.493,158.7
4cad89,SAS41A,,,1778856204,59.797774,16.7003,8861.4,180.0,False,216.28,-19.534,158.92
4cad89,SAS41A,,,1778856205,59.795829,16.7003,8841.9,180.0,False,216.28,-19.576,159.14
4cad89,SAS41A,,,1778856206,59.793884,16.7003,8822.3,180.0,False,216.28,-19.619,159.36
4cad89,SAS41A,,,1778856207,59.791939,16.7003,8802.6,180.0,False,216.28,-19.661,159.58
4cad89,SAS41A,,,1778856208,59.789994,16.7003,8782.9,180.0,False,216.28,-19.704,159.8
4cad89,SAS41A,,,1778856209,59.788049,16.7003,8763.1,180.0,False,216.28,-19.747,160.02
4cad89,SAS41A,,,1778856210,59.786104,16.7003,8743.4,180.0,False,216.28,-19.79,160.24
4cad89,SAS41A,,,1778856211,59.784159,16.7003,8723.5,180.0,False,216.28,-19.833,160.46
4cad89,SAS41A,,,1778856212,59.782214,16.7003,8703.6,180.0,False,216.28,-19.876,160.69
4cad89,SAS41A,,,1778856213,59.780269,16.7003,8683.7,180.0,False,216.28,-19.92,160.91
4cad89,SAS41A,,,1778856214,59.778324,16.7003,8663.8,180.0,False,216.28,-19.964,161.13
4cad89,SAS41A,,,1778856215,59.776379,16.7003,8643.8,180.0,False,216.28,-20.008,161.36
4cad89,SAS41A,,,1778856216,59.774408,16.7003,8624.1,180.0,False,219.23,-19.673,159.89
4cad89,SAS41A,,,1778856217,59.772436,16.7003,8604.4,180.0,False,219.23,-19.715,160.11
4cad89,SAS41A,,,1778856218,59.770464,16.7003,8584.6,180.0,False,219.23,-19.758,160.33
4cad89,SAS41A,,,1778856219,59.768493,16.7003,8564.8,180.0,False,219.23,-19.8,160.55
4cad89,SAS41A,,,1778856220,59.766521,16.7003,8545.0,180.0,False,219.23,-19.843,160.77
4cad89,SAS41A,,,1778856221,59.76455,16.7003,8525.1,180.0,False,219.23,-19.886,161.0
4cad89,SAS41A,,,1778856222,59.762578,16.7003,8505.1,180.0,False,219.23,-19.929,161.22
4cad89,SAS41A,,,1778856223,59.760606,16.7003,8485.2,180.0,False,219.23,-19.973,161.44
4cad89,SAS41A,,,1778856224,59.758635,16.7003,8465.2,180.0,False,219.23,-20.017,161.67
4cad89,SAS41A,,,1778856225,59.756663,16.7003,8445.1,180.0,False,219.23,-20.061,161.89
4cad89,SAS41A,,,1778856226,59.754692,16.7003,8425.0,180.0,False,219.23,-20.105,162.12
4cad89,SAS41A,,,1778856227,59.75272,16.7003,8404.8,180.0,False,219.23,-20.149,162.34
4cad89,SAS41A,,,1778856228,59.750748,16.7003,8384.6,180.0,False,219.23,-20.194,162.57
4cad89,SAS41A,,,1778856229,59.748777,16.7003,8364.4,180.0,False,219.23,-20.238,162.8
4cad89,SAS41A,,,1778856230,59.746805,16.7003,8344.1,180.0,False,219.23,-20.284,163.03
4cad89,SAS41A,,,1778856231,59.744834,16.7003,8323.8,180.0,False,219.23,-20.329,163.26
4cad89,SAS41A,,,1778856232,59.742862,16.7003,8303.4,180.0,False,219.23,-20.374,163.49
4cad89,SAS41A,,,1778856233,59.741244,16.701821,8283.0,154.7,False,219.23,-20.42,163.72
4cad89,SAS41A,,,1778856234,59.739964,16.704791,8262.5,130.5,False,219.23,-20.466,163.95
4cad89,SAS41A,,,1778856235,59.738683,16.707761,8242.0,130.5,False,219.23,-20.512,164.18
4cad89,SAS41A,,,1778856236,59.737402,16.710732,8221.5,130.5,False,219.23,-20.558,164.41
4cad89,SAS41A,,,1778856237,59.736122,16.713702,8200.9,130.5,False,219.23,-20.605,164.65
4cad89,SAS41A,,,1778856238,59.734841,16.716672,8180.2,130.5,False,219.23,-20.652,164.88
4cad89,SAS41A,,,1778856239,59.73356,16.719642,8159.5,130.5,False,219.23,-20.699,165.11
4cad89,SAS41A,,,1778856240,59.73228,16.722613,8138.8,130.5,False,219.23,-20.746,165.35
4cad89,SAS41A,,,1778856241,59.730999,16.725583,8118.0,130.5,False,219.23,-20.793,165.59
4cad89,SAS41A,,,1778856242,59.729718,16.728553,8097.1,130.5,False,219.23,-20.841,165.82
4cad89,SAS41A,,,1778856243,59.728438,16.731523,8076.2,130.5,False,219.23,-20.889,166.06
4cad89,SAS41A,,,1778856244,59.727157,16.734493,8055.3,130.5,False,219.23,-20.937,166.3
4cad89,SAS41A,,,1778856245,59.725876,16.737464,8034.3,130.5,False,219.23,-20.986,166.54
4cad89,SAS41A,,,1778856246,59.724596,16.740434,8013.3,130.5,False,219.23,-21.034,166.78
4cad89,SAS41A,,,1778856247,59.723315,16.743404,7992.2,130.5,False,219.23,-21.083,167.02
4cad89,SAS41A,,,1778856248,59.722034,16.746374,7971.1,130.5,False,219.23,-21.132,167.26
4cad89,SAS41A,,,1778856249,59.720754,16.749345,7949.9,130.5,False,219.23,-21.182,167.5
4cad89,SAS41A,,,1778856250,59.719473,16.752315,7928.7,130.5,False,219.23,-21.231,167.74
4cad89,SAS41A,,,1778856251,59.718192,16.755285,7907.4,130.5,False,219.23,-21.281,167.98
4cad89,SAS41A,,,1778856252,59.716912,16.758255,7886.0,130.5,False,219.23,-21.331,168.23
4cad89,SAS41A,,,1778856253,59.715631,16.761226,7864.7,130.5,False,219.23,-21.382,168.47
4cad89,SAS41A,,,1778856254,59.714351,16.764196,7843.2,130.5,False,219.23,-21.432,168.72
4cad89,SAS41A,,,1778856255,59.71307,16.767166,7821.8,130.5,False,219.23,-21.483,168.96
4cad89,SAS41A,,,1778856256,59.711789,16.770136,7800.2,130.5,False,219.23,-21.534,169.21
4cad89,SAS41A,,,1778856257,59.710509,16.773107,7778.6,130.5,False,219.23,-21.585,169.46
4cad89,SAS41A,,,1778856258,59.709228,16.776077,7757.0,130.5,False,219.23,-21.637,169.71
4cad89,SAS41A,,,1778856259,59.707947,16.779047,7735.3,130.5,False,219.23,-21.689,169.96
4cad89,SAS41A,,,1778856260,59.706667,16.782017,7713.6,130.5,False,219.23,-21.741,170.21
4cad89,SAS41A,,,1778856261,59.705386,16.784988,7691.8,130.5,False,219.23,-21.793,170.46
4cad89,SAS41A,,,1778856262,59.704105,16.787958,7669.9,130.5,False,219.23,-21.846,170.71
4cad89,SAS41A,,,1778856263,59.702825,16.790928,7648.0,130.5,False,219.23,-21.899,170.96
4cad89,SAS41A,,,1778856264,59.701523,16.793947,7626.5,130.5,False,222.83,-21.553,169.58
4cad89,SAS41A,,,1778856265,59.700221,16.796966,7604.9,130.5,False,222.83,-21.604,169.83
4cad89,SAS41A,,,1778856266,59.698919,16.799985,7583.2,130.5,False,222.83,-21.655,170.08
4cad89,SAS41A,,,1778856267,59.697618,16.803004,7561.5,130.5,False,222.83,-21.707,170.33
4cad89,SAS41A,,,1778856268,59.696316,16.806023,7539.7,130.5,False,222.83,-21.759,170.58
4cad89,SAS41A,,,1778856269,59.695014,16.809042,7517.9,130.5,False,222.83,-21.811,170.83
4cad89,SAS41A,,,1778856270,59.693713,16.812061,7496.1,130.5,False,222.83,-21.863,171.08
4cad89,SAS41A,,,1778856271,59.692411,16.815081,7474.2,130.5,False,222.83,-21.916,171.33
4cad89,SAS41A,,,1778856272,59.691109,16.8181,7452.2,130.5,False,222.83,-21.969,171.58
4cad89,SAS41A,,,1778856273,59.689808,16.821119,7430.2,130.5,False,222.83,-22.022,171.84
4cad89,SAS41A,,,1778856274,59.688506,16.824138,7408.1,130.5,False,222.83,-22.075,172.09
4cad89,SAS41A,,,1778856275,59.687204,16.827157,7386.0,130.5,False,222.83,-22.129,172.34
4cad89,SAS41A,,,1778856276,59.685902,16.830176,7363.8,130.5,False,222.83,-22.183,172.6
4cad89,SAS41A,,,1778856277,59.684601,16.833195,7341.5,130.5,False,222.83,-22.237,172.86
4cad89,SAS41A,,,1778856278,59.683299,16.836214,7319.3,130.5,False,222.83,-22.292,173.11
4cad89,SAS41A,,,1778856279,59.681997,16.839233,7296.9,130.5,False,222.83,-22.346,173.37
4cad89,SAS41A,,,1778856280,59.680696,16.842252,7274.5,130.5,False,222.83,-22.401,173.63
4cad89,SAS41A,,,1778856281,59.679394,16.845271,7252.0,130.5,False,222.83,-22.457,173.89
4cad89,SAS41A,,,1778856282,59.678092,16.84829,7229.5,130.5,False,222.83,-22.512,174.15
4cad89,SAS41A,,,1778856283,59.67679,16.851309,7207.0,130.5,False,222.83,-22.568,174.41
4cad89,SAS41A,,,1778856284,59.675489,16.854328,7184.3,130.5,False,222.83,-22.624,174.68
4cad89,SAS41A,,,1778856285,59.674187,16.857347,7161.7,130.5,False,222.83,-22.681,174.94
4cad89,SAS41A,,,1778856286,59.672885,16.860367,7138.9,130.5,False,222.83,-22.737,175.2
4cad89,SAS41A,,,1778856287,59.671584,16.863386,7116.1,130.5,False,222.83,-22.794,175.47
4cad89,SAS41A,,,1778856288,59.670282,16.866405,7093.3,130.5,False,222.83,-22.852,175.73
4cad89,SAS41A,,,1778856289,59.66898,16.869424,7070.4,130.5,False,222.83,-22.909,176.0
4cad89,SAS41A,,,1778856290,59.667678,16.872443,7047.4,130.5,False,222.83,-22.967,176.27
4cad89,SAS41A,,,1778856291,59.666373,16.87547,7024.4,130.5,False,223.44,-23.023,176.53
4cad89,SAS41A,,,1778856292,59.665068,16.878497,7001.3,130.5,False,223.44,-23.082,176.8
4cad89,SAS41A,,,1778856293,59.663763,16.881524,6978.2,130.5,False,223.44,-23.141,177.07
4cad89,SAS41A,,,1778856294,59.662458,16.884552,6955.0,130.5,False,223.44,-23.2,177.34
4cad89,SAS41A,,,1778856295,59.661152,16.887579,6931.7,130.5,False,223.44,-23.259,177.61
4cad89,SAS41A,,,1778856296,59.659847,16.890606,6908.4,130.5,False,223.44,-23.319,177.88
4cad89,SAS41A,,,1778856297,59.658542,16.893633,6885.0,130.5,False,223.44,-23.379,178.16
4cad89,SAS41A,,,1778856298,59.657237,16.896661,6861.6,130.5,False,223.44,-23.439,178.43
4cad89,SAS41A,,,1778856299,59.655931,16.899688,6838.1,130.5,False,223.44,-23.5,178.71
4cad89,SAS41A,,,1778856300,59.654626,16.902715,6814.5,130.5,False,223.44,-23.561,178.98
4cad89,SAS41A,,,1778856301,59.653321,16.905742,6790.9,130.5,False,223.44,-23.622,179.26
4cad89,SAS41A,,,1778856302,59.652016,16.908769,6767.2,130.5,False,223.44,-23.684,179.54
4cad89,SAS41A,,,1778856303,59.650684,16.911858,6743.8,130.5,False,227.96,-23.388,178.45
4cad89,SAS41A,,,1778856304,59.649355,16.914942,6720.4,130.5,False,227.61,-23.357,178.45
4cad89,SAS41A,,,1778856305,59.648027,16.918021,6697.1,130.5,False,227.27,-23.326,178.45
4cad89,SAS41A,,,1778856306,59.646701,16.921095,6673.8,130.5,False,226.92,-23.295,178.45
4cad89,SAS41A,,,1778856307,59.645378,16.924165,6650.6,130.5,False,226.57,-23.264,178.45
4cad89,SAS41A,,,1778856308,59.644056,16.92723,6627.3,130.5,False,226.23,-23.233,178.45
4cad89,SAS41A,,,1778856309,59.642737,16.930291,6604.1,130.5,False,225.89,-23.202,178.45
4cad89,SAS41A,,,1778856310,59.641419,16.933346,6581.0,130.5,False,225.55,-23.172,178.45
4cad89,SAS41A,,,1778856311,59.640104,16.936398,6557.8,130.5,False,225.2,-23.141,178.45
4cad89,SAS41A,,,1778856312,59.63879,16.939444,6534.7,130.5,False,224.86,-23.11,178.45
4cad89,SAS41A,,,1778856313,59.637478,16.942486,6511.6,130.5,False,224.53,-23.08,178.45
4cad89,SAS41A,,,1778856314,59.636172,16.94552,6488.6,130.4,False,224.19,-23.049,178.45
4cad89,SAS41A,,,1778856315,59.634867,16.948548,6465.6,130.4,False,223.85,-23.019,178.45
4cad89,SAS41A,,,1778856316,59.633564,16.951572,6442.6,130.4,False,223.51,-22.989,178.45
4cad89,SAS41A,,,1778856317,59.632264,16.954592,6419.6,130.4,False,223.18,-22.958,178.45
4cad89,SAS41A,,,1778856318,59.630965,16.957607,6396.7,130.4,False,222.85,-22.928,178.45
4cad89,SAS41A,,,1778856319,59.629668,16.960617,6373.8,130.4,False,222.51,-22.898,178.45
4cad89,SAS41A,,,1778856320,59.628373,16.963623,6350.9,130.4,False,222.18,-22.868,178.45
4cad89,SAS41A,,,1778856321,59.62708,16.966625,6328.1,130.4,False,221.85,-22.838,178.45
4cad89,SAS41A,,,1778856322,59.62579,16.969622,6305.3,130.4,False,221.52,-22.808,178.45
4cad89,SAS41A,,,1778856323,59.624496,16.972624,6282.5,130.4,False,221.9,-22.78,178.45
4cad89,SAS41A,,,1778856324,59.623205,16.975622,6259.7,130.4,False,221.58,-22.75,178.45
4cad89,SAS41A,,,1778856325,59.621916,16.978615,6237.0,130.4,False,221.25,-22.72,178.45
4cad89,SAS41A,,,1778856326,59.620628,16.981604,6214.3,130.4,False,220.92,-22.69,178.45
4cad89,SAS41A,,,1778856327,59.619343,16.984589,6191.7,130.4,False,220.6,-22.661,178.45
4cad89,SAS41A,,,1778856328,59.618059,16.987569,6169.0,130.4,False,220.27,-22.631,178.45
4cad89,SAS41A,,,1778856329,59.616777,16.990545,6146.4,130.4,False,219.95,-22.601,178.45
4cad89,SAS41A,,,1778856330,59.615497,16.993516,6123.9,130.4,False,219.63,-22.572,178.45
4cad89,SAS41A,,,1778856331,59.614219,16.996483,6101.3,130.4,False,219.31,-22.542,178.45
4cad89,SAS41A,,,1778856332,59.612943,16.999446,6078.8,130.4,False,218.98,-22.513,178.45
4cad89,SAS41A,,,1778856333,59.611668,17.002405,6056.3,130.4,False,218.67,-22.484,178.45
4cad89,SAS41A,,,1778856334,59.610396,17.005359,6033.9,130.4,False,218.35,-22.454,178.45
4cad89,SAS41A,,,1778856335,59.609125,17.008308,6011.4,130.4,False,218.03,-22.425,178.45
4cad89,SAS41A,,,1778856336,59.607857,17.011254,5989.1,130.4,False,217.71,-22.396,178.45
4cad89,SAS41A,,,1778856337,59.60659,17.014195,5966.7,130.4,False,217.4,-22.367,178.45
4cad89,SAS41A,,,1778856338,59.605294,17.017203,5944.3,130.4,False,222.34,-22.418,178.45
4cad89,SAS41A,,,1778856339,59.604,17.020207,5921.9,130.4,False,222.02,-22.389,178.45
4cad89,SAS41A,,,1778856340,59.602708,17.023207,5899.5,130.4,False,221.7,-22.359,178.45
4cad89,SAS41A,,,1778856341,59.601418,17.026202,5877.2,130.4,False,221.38,-22.33,178.45
4cad89,SAS41A,,,1778856342,59.600129,17.029193,5854.9,130.4,False,221.07,-22.301,178.45
4cad89,SAS41A,,,1778856343,59.598843,17.032179,5832.6,130.4,False,220.75,-22.272,178.45
4cad89,SAS41A,,,1778856344,59.597558,17.035162,5810.4,130.4,False,220.44,-22.243,178.45
4cad89,SAS41A,,,1778856345,59.596275,17.03814,5788.2,130.4,False,220.12,-22.215,178.45
4cad89,SAS41A,,,1778856346,59.594994,17.041114,5766.0,130.4,False,219.81,-22.186,178.45
4cad89,SAS41A,,,1778856347,59.593715,17.044083,5743.8,130.4,False,219.5,-22.157,178.45
4cad89,SAS41A,,,1778856348,59.592438,17.047049,5721.7,130.4,False,219.19,-22.128,178.45
4cad89,SAS41A,,,1778856349,59.591162,17.05001,5699.6,130.4,False,218.88,-22.1,178.45
4cad89,SAS41A,,,1778856350,59.589888,17.052967,5677.5,130.4,False,218.57,-22.071,178.45
4cad89,SAS41A,,,1778856351,59.588616,17.05592,5655.5,130.4,False,218.26,-22.043,178.45
4cad89,SAS41A,,,1778856352,59.587346,17.058869,5633.5,130.4,False,217.96,-22.014,178.45
4cad89,SAS41A,,,1778856353,59.586078,17.061814,5611.5,130.4,False,217.65,-21.986,178.45
4cad89,SAS41A,,,1778856354,59.584811,17.064754,5589.5,130.4,False,217.34,-21.958,178.45
4cad89,SAS41A,,,1778856355,59.583546,17.067691,5567.6,130.4,False,217.04,-21.929,178.45
4cad89,SAS41A,,,1778856356,59.582283,17.070623,5545.7,130.4,False,216.74,-21.901,178.45
4cad89,SAS41A,,,1778856357,59.581022,17.073551,5523.8,130.4,False,216.43,-21.873,178.45
4cad89,SAS41A,,,1778856358,59.579762,17.076476,5502.0,130.4,False,216.13,-21.845,178.45
4cad89,SAS41A,,,1778856359,59.578504,17.079396,5480.2,130.4,False,215.83,-21.817,178.45
4cad89,SAS41A,,,1778856360,59.577248,17.082312,5458.4,130.4,False,215.53,-21.789,178.45
4cad89,SAS41A,,,1778856361,59.575994,17.085224,5436.6,130.4,False,215.23,-21.761,178.45
4cad89,SAS41A,,,1778856362,59.574741,17.088132,5414.9,130.4,False,214.93,-21.733,178.45
4cad89,SAS41A,,,1778856363,59.573491,17.091036,5393.2,130.4,False,214.64,-21.705,178.45
4cad89,SAS41A,,,1778856364,59.572241,17.093935,5371.5,130.4,False,214.34,-21.677,178.45
4cad89,SAS41A,,,1778856365,59.570994,17.096831,5349.8,130.4,False,214.04,-21.65,178.45
4cad89,SAS41A,,,1778856366,59.569748,17.099723,5328.2,130.4,False,213.75,-21.622,178.45
4cad89,SAS41A,,,1778856367,59.568504,17.102611,5306.6,130.4,False,213.45,-21.594,178.45
4cad89,SAS41A,,,1778856368,59.567262,17.105495,5285.1,130.4,False,213.16,-21.567,178.45
4cad89,SAS41A,,,1778856369,59.566022,17.108375,5263.5,130.4,False,212.87,-21.539,178.45
4cad89,SAS41A,,,1778856370,59.564783,17.111251,5242.0,130.4,False,212.58,-21.512,178.45
4cad89,SAS41A,,,1778856371,59.563545,17.114123,5220.5,130.4,False,212.29,-21.485,178.45
4cad89,SAS41A,,,1778856372,59.562292,17.117034,5199.0,130.4,False,215.16,-21.523,178.45
4cad89,SAS41A,,,1778856373,59.561039,17.119941,5177.5,130.4,False,214.86,-21.496,178.45
4cad89,SAS41A,,,1778856374,59.559789,17.122844,5156.0,130.4,False,214.57,-21.469,178.45
4cad89,SAS41A,,,1778856375,59.558539,17.125745,5134.6,130.4,False,214.39,-21.442,178.45
4cad89,SAS41A,,,1778856376,59.557292,17.128642,5113.2,130.4,False,214.1,-21.415,178.45
4cad89,SAS41A,,,1778856377,59.556046,17.131534,5091.8,130.4,False,213.81,-21.388,178.45
4cad89,SAS41A,,,1778856378,59.554801,17.134423,5070.4,130.4,False,213.52,-21.361,178.45
4cad89,SAS41A,,,1778856379,59.553559,17.137308,5049.1,130.4,False,213.23,-21.334,178.45
4cad89,SAS41A,,,1778856380,59.552318,17.140189,5027.8,130.4,False,212.94,-21.307,178.45
4cad89,SAS41A,,,1778856381,59.551078,17.143066,5006.5,130.4,False,212.66,-21.28,178.45
4cad89,SAS41A,,,1778856382,59.549841,17.145939,4985.3,130.4,False,212.37,-21.253,178.45
4cad89,SAS41A,,,1778856383,59.548605,17.148809,4964.0,130.4,False,212.09,-21.226,178.45
4cad89,SAS41A,,,1778856384,59.54737,17.151674,4942.8,130.4,False,211.8,-21.199,178.45
4cad89,SAS41A,,,1778856385,59.546138,17.154536,4921.7,130.4,False,211.52,-21.173,178.45
4cad89,SAS41A,,,1778856386,59.544907,17.157394,4900.5,130.4,False,211.24,-21.146,178.45
4cad89,SAS41A,,,1778856387,59.543677,17.160248,4879.4,130.4,False,210.96,-21.119,178.45
4cad89,SAS41A,,,1778856388,59.542449,17.163099,4858.3,130.4,False,210.68,-21.093,178.45
4cad89,SAS41A,,,1778856389,59.541223,17.165945,4837.2,130.4,False,210.4,-21.066,178.45
4cad89,SAS41A,,,1778856390,59.539999,17.168788,4816.2,130.4,False,210.12,-21.04,178.45
4cad89,SAS41A,,,1778856391,59.538776,17.171627,4795.2,130.4,False,209.84,-21.014,178.45
4cad89,SAS41A,,,1778856392,59.537555,17.174462,4774.2,130.4,False,209.56,-20.987,178.45
4cad89,SAS41A,,,1778856393,59.536335,17.177294,4753.2,130.4,False,209.28,-20.961,178.45
4cad89,SAS41A,,,1778856394,59.535117,17.180121,4732.3,130.4,False,209.01,-20.935,178.45
4cad89,SAS41A,,,1778856395,59.5339,17.182945,4711.4,130.3,False,208.73,-20.909,178.45
4cad89,SAS41A,,,1778856396,59.532686,17.185765,4690.5,130.3,False,208.46,-20.883,178.45
4cad89,SAS41A,,,1778856397,59.531474,17.188576,4669.6,130.4,False,208.18,-20.857,178.45
4cad89,SAS41A,,,1778856398,59.530265,17.191384,4648.8,130.4,False,207.91,-20.831,178.45
4cad89,SAS41A,,,1778856399,59.529056,17.194187,4628.0,130.4,False,207.64,-20.805,178.45
4cad89,SAS41A,,,1778856400,59.52785,17.196987,4607.2,130.4,False,207.37,-20.78,178.45
4cad89,SAS41A,,,1778856401,59.526645,17.199784,4586.5,130.4,False,207.09,-20.754,178.45
4cad89,SAS41A,,,1778856402,59.525441,17.202576,4565.7,130.4,False,206.82,-20.728,178.45
4cad89,SAS41A,,,1778856403,59.524239,17.205365,4545.0,130.4,False,206.56,-20.703,178.45
4cad89,SAS41A,,,1778856404,59.523019,17.208197,4524.3,130.4,False,209.7,-20.732,178.45
4cad89,SAS41A,,,1778856405,59.521801,17.211025,4503.6,130.4,False,209.43,-20.706,178.45
4cad89,SAS41A,,,1778856406,59.520584,17.213849,4482.9,130.3,False,209.16,-20.68,178.45
4cad89,SAS41A,,,1778856407,59.519368,17.21667,4462.3,130.3,False,208.89,-20.655,178.45
4cad89,SAS41A,,,1778856408,59.518154,17.219486,4441.6,130.3,False,208.62,-20.629,178.45
4cad89,SAS41A,,,1778856409,59.516942,17.2223,4421.0,130.3,False,208.35,-20.604,178.45
4cad89,SAS41A,,,1778856410,59.515731,17.22511,4400.5,130.3,False,208.08,-20.579,178.45
4cad89,SAS41A,,,1778856411,59.514522,17.227917,4379.9,130.3,False,207.89,-20.572,178.51
4cad89,SAS41A,,,1778856412,59.513317,17.230712,4359.5,130.3,False,207.02,-20.391,178.0
4cad89,SAS41A,,,1778856413,59.512117,17.233496,4339.3,130.3,False,206.15,-20.211,177.48
4cad89,SAS41A,,,1778856414,59.510923,17.236268,4319.2,130.3,False,205.29,-20.033,176.97
4cad89,SAS41A,,,1778856415,59.509733,17.239028,4299.4,130.3,False,204.43,-19.857,176.45
4cad89,SAS41A,,,1778856416,59.508549,17.241777,4279.7,130.3,False,203.57,-19.682,175.94
4cad89,SAS41A,,,1778856417,59.507369,17.244514,4260.2,130.3,False,202.72,-19.508,175.43
4cad89,SAS41A,,,1778856418,59.506195,17.24724,4240.9,130.3,False,201.87,-19.335,174.91
4cad89,SAS41A,,,1778856419,59.505025,17.249954,4221.7,130.3,False,201.03,-19.164,174.4
4cad89,SAS41A,,,1778856420,59.50386,17.252658,4202.7,130.3,False,200.19,-18.994,173.88
4cad89,SAS41A,,,1778856421,59.5027,17.255349,4183.9,130.3,False,199.35,-18.826,173.37
4cad89,SAS41A,,,1778856422,59.501545,17.25803,4165.2,130.3,False,198.52,-18.659,172.85
4cad89,SAS41A,,,1778856423,59.500395,17.260699,4146.7,130.3,False,197.68,-18.493,172.34
4cad89,SAS41A,,,1778856424,59.499249,17.263357,4128.4,130.3,False,196.86,-18.329,171.82
4cad89,SAS41A,,,1778856425,59.498108,17.266004,4110.2,130.3,False,196.03,-18.166,171.31
4cad89,SAS41A,,,1778856426,59.496973,17.26864,4092.2,130.3,False,195.21,-18.004,170.8
4cad89,SAS41A,,,1778856427,59.495841,17.271265,4074.4,130.3,False,194.39,-17.844,170.28
4cad89,SAS41A,,,1778856428,59.494715,17.273879,4056.7,130.3,False,193.58,-17.685,169.77
4cad89,SAS41A,,,1778856429,59.493593,17.276482,4039.2,130.3,False,192.76,-17.527,169.25
4cad89,SAS41A,,,1778856430,59.492477,17.279074,4021.8,130.3,False,191.95,-17.371,168.74
4cad89,SAS41A,,,1778856431,59.491364,17.281655,4004.6,130.3,False,191.15,-17.216,168.22
4cad89,SAS41A,,,1778856432,59.490257,17.284225,3987.5,130.3,False,190.34,-17.062,167.71
4cad89,SAS41A,,,1778856433,59.489154,17.286784,3970.6,130.3,False,189.54,-16.91,167.19
4cad89,SAS41A,,,1778856434,59.488056,17.289333,3953.9,130.3,False,188.75,-16.759,166.68
4cad89,SAS41A,,,1778856435,59.486962,17.291871,3937.3,130.3,False,187.95,-16.609,166.17
4cad89,SAS41A,,,1778856436,59.485873,17.294398,3920.8,130.3,False,187.16,-16.461,165.65
4cad89,SAS41A,,,1778856437,59.484788,17.296914,3904.5,130.3,False,186.37,-16.314,165.14
4cad89,SAS41A,,,1778856438,59.483691,17.29946,3888.3,130.3,False,188.54,-16.202,164.62
4cad89,SAS41A,,,1778856439,59.482599,17.301995,3872.2,130.3,False,187.75,-16.058,164.11
4cad89,SAS41A,,,1778856440,59.481511,17.30452,3856.3,130.3,False,186.97,-15.914,163.59
4cad89,SAS41A,,,1778856441,59.480428,17.307034,3840.5,130.3,False,186.18,-15.772,163.08
4cad89,SAS41A,,,1778856442,59.479349,17.309537,3824.9,130.3,False,185.4,-15.632,162.56
4cad89,SAS41A,,,1778856443,59.478275,17.31203,3809.4,130.3,False,184.62,-15.492,162.05
4cad89,SAS41A,,,1778856444,59.477205,17.314513,3794.1,130.3,False,183.85,-15.354,161.54
4cad89,SAS41A,,,1778856445,59.476139,17.316985,3778.8,130.3,False,183.08,-15.217,161.02
4cad89,SAS41A,,,1778856446,59.475079,17.319447,3763.8,130.3,False,182.31,-15.081,160.51
4cad89,SAS41A,,,1778856447,59.474022,17.321898,3748.8,130.3,False,181.54,-14.947,159.99
4cad89,SAS41A,,,1778856448,59.47297,17.324339,3734.0,130.3,False,180.77,-14.814,159.48
4cad89,SAS41A,,,1778856449,59.471923,17.326769,3719.3,130.3,False,180.01,-14.682,158.96
4cad89,SAS41A,,,1778856450,59.47088,17.32919,3704.8,130.3,False,179.25,-14.551,158.45
4cad89,SAS41A,,,1778856451,59.469841,17.3316,3690.3,130.3,False,178.49,-14.422,157.93
4cad89,SAS41A,,,1778856452,59.468807,17.334,3676.0,130.3,False,177.74,-14.294,157.42
4cad89,SAS41A,,,1778856453,59.467777,17.33639,3661.9,130.3,False,176.98,-14.167,156.91
4cad89,SAS41A,,,1778856454,59.466752,17.338769,3647.8,130.3,False,176.23,-14.041,156.39
4cad89,SAS41A,,,1778856455,59.465731,17.341139,3633.9,130.3,False,175.48,-13.917,155.88
4cad89,SAS41A,,,1778856456,59.464714,17.343498,3620.1,130.3,False,174.74,-13.793,155.36
4cad89,SAS41A,,,1778856457,59.463702,17.345848,3606.5,130.3,False,173.99,-13.671,154.85
4cad89,SAS41A,,,1778856458,59.462694,17.348187,3592.9,130.3,False,173.25,-13.55,154.33
4cad89,SAS41A,,,1778856459,59.46169,17.350516,3579.5,130.3,False,172.51,-13.431,153.82
4cad89,SAS41A,,,1778856460,59.46069,17.352836,3566.2,130.3,False,171.77,-13.312,153.3
4cad89,SAS41A,,,1778856461,59.459695,17.355145,3553.0,130.3,False,171.04,-13.195,152.79
4cad89,SAS41A,,,1778856462,59.458704,17.357445,3539.9,130.3,False,170.3,-13.079,152.28
4cad89,SAS41A,,,1778856463,59.457717,17.359735,3526.9,130.3,False,169.57,-12.964,151.76
4cad89,SAS41A,,,1778856464,59.456735,17.362014,3514.1,130.3,False,168.84,-12.85,151.25
4cad89,SAS41A,,,1778856465,59.455757,17.364285,3501.3,130.3,False,168.11,-12.737,150.73
4cad89,SAS41A,,,1778856466,59.454783,17.366545,3488.7,130.3,False,167.39,-12.626,150.22
4cad89,SAS41A,,,1778856467,59.453813,17.368795,3476.2,130.3,False,166.67,-12.515,149.7
4cad89,SAS41A,,,1778856468,59.452847,17.371036,3463.8,130.3,False,165.94,-12.406,149.19
4cad89,SAS41A,,,1778856469,59.451886,17.373267,3451.5,130.3,False,165.22,-12.298,148.67
4cad89,SAS41A,,,1778856470,59.450929,17.375488,3439.3,130.3,False,164.51,-12.191,148.16
4cad89,SAS41A,,,1778856471,59.449977,17.377697,3427.2,130.3,False,163.56,-12.088,147.65
4cad89,SAS41A,,,1778856472,59.44903,17.379896,3415.2,130.3,False,162.85,-11.983,147.13
4cad89,SAS41A,,,1778856473,59.448086,17.382085,3403.4,130.3,False,162.13,-11.879,146.62
4cad89,SAS41A,,,1778856474,59.447147,17.384265,3391.6,130.3,False,161.42,-11.777,146.1
4cad89,SAS41A,,,1778856475,59.446212,17.386435,3379.9,130.3,False,160.71,-11.676,145.59
4cad89,SAS41A,,,1778856476,59.445281,17.388595,3368.3,130.3,False,160.01,-11.575,145.07
4cad89,SAS41A,,,1778856477,59.444354,17.390746,3356.8,130.3,False,159.3,-11.476,144.56
4cad89,SAS41A,,,1778856478,59.443431,17.392888,3345.5,130.3,False,158.6,-11.378,144.04
4cad89,SAS41A,,,1778856479,59.442512,17.39502,3334.2,130.3,False,157.89,-11.281,143.53
4cad89,SAS41A,,,1778856480,59.441597,17.397142,3323.0,130.3,False,157.19,-11.185,143.02
4cad89,SAS41A,,,1778856481,59.440687,17.399255,3311.9,130.3,False,156.49,-11.09,142.5
4cad89,SAS41A,,,1778856482,59.43978,17.401359,3300.9,130.3,False,155.8,-10.996,141.99
4cad89,SAS41A,,,1778856483,59.43886,17.403494,3290.0,130.3,False,158.09,-10.933,141.47
4cad89,SAS41A,,,1778856484,59.437945,17.405619,3279.1,130.3,False,157.39,-10.842,140.96
4cad89,SAS41A,,,1778856485,59.437033,17.407735,3268.4,130.3,False,156.7,-10.751,140.44
4cad89,SAS41A,,,1778856486,59.436125,17.409841,3257.7,130.3,False,156.0,-10.661,139.93
4cad89,SAS41A,,,1778856487,59.435221,17.411938,3247.2,130.3,False,155.31,-10.573,139.41
4cad89,SAS41A,,,1778856488,59.434322,17.414026,3236.7,130.3,False,154.61,-10.485,138.9
4cad89,SAS41A,,,1778856489,59.433426,17.416104,3226.3,130.3,False,153.92,-10.399,138.39
4cad89,SAS41A,,,1778856490,59.432535,17.418173,3216.0,130.3,False,153.23,-10.313,137.87
4cad89,SAS41A,,,1778856491,59.431647,17.420233,3205.7,130.3,False,152.55,-10.229,137.36
4cad89,SAS41A,,,1778856492,59.430763,17.422284,3195.6,130.3,False,151.86,-10.145,136.84
4cad89,SAS41A,,,1778856493,59.429884,17.424325,3185.5,130.3,False,151.17,-10.063,136.33
4cad89,SAS41A,,,1778856494,59.429008,17.426357,3175.5,130.3,False,150.49,-9.981,135.81
4cad89,SAS41A,,,1778856495,59.4283,17.428497,3165.6,123.0,False,149.81,-9.901,135.3
4cad89,SAS41A,,,1778856496,59.4283,17.431134,3155.8,90.0,False,149.13,-9.822,134.78
4cad89,SAS41A,,,1778856497,59.4283,17.433759,3146.1,90.0,False,148.45,-9.743,134.27
4cad89,SAS41A,,,1778856498,59.4283,17.436372,3136.4,90.0,False,147.77,-9.666,133.76
4cad89,SAS41A,,,1778856499,59.4283,17.438973,3126.8,90.0,False,147.09,-9.589,133.24
4cad89,SAS41A,,,1778856500,59.4283,17.441562,3117.3,90.0,False,146.42,-9.514,132.73
4cad89,SAS41A,,,1778856501,59.4283,17.444138,3107.9,90.0,False,145.74,-9.439,132.21
4cad89,SAS41A,,,1778856502,59.4283,17.446704,3098.5,90.0,False,145.07,-9.365,131.7
4cad89,SAS41A,,,1778856503,59.4283,17.449257,3089.2,90.0,False,144.4,-9.293,131.18
4cad89,SAS41A,,,1778856504,59.4283,17.451798,3080.0,90.0,False,143.72,-9.221,130.67
4cad89,SAS41A,,,1778856505,59.4283,17.454327,3070.8,90.0,False,143.05,-9.15,130.15
4cad89,SAS41A,,,1778856506,59.4283,17.456845,3061.8,90.0,False,142.39,-9.081,129.64
4cad89,SAS41A,,,1778856507,59.4283,17.459351,3052.7,90.0,False,141.72,-9.012,129.13
4cad89,SAS41A,,,1778856508,59.4283,17.461845,3043.8,90.0,False,141.05,-8.944,128.61
4cad89,SAS41A,,,1778856509,59.4283,17.464338,3034.9,90.0,False,140.97,-8.939,128.61
4cad89,SAS41A,,,1778856510,59.4283,17.466829,3025.9,90.0,False,140.89,-8.934,128.61
4cad89,SAS41A,,,1778856511,59.4283,17.469319,3017.0,90.0,False,140.81,-8.929,128.61
4cad89,SAS41A,,,1778856512,59.4283,17.471807,3008.1,90.0,False,140.73,-8.924,128.61
4cad89,SAS41A,,,1778856513,59.4283,17.474294,2999.2,90.0,False,140.65,-8.919,128.61
4cad89,SAS41A,,,1778856514,59.4283,17.47678,2990.2,90.0,False,140.57,-8.914,128.61
4cad89,SAS41A,,,1778856515,59.4283,17.479264,2981.3,90.0,False,140.49,-8.91,128.61
4cad89,SAS41A,,,1778856516,59.4283,17.481746,2972.4,90.0,False,140.41,-8.905,128.61
4cad89,SAS41A,,,1778856517,59.4283,17.484228,2963.5,90.0,False,140.33,-8.9,128.61
4cad89,SAS41A,,,1778856518,59.4283,17.486708,2954.6,90.0,False,140.25,-8.895,128.61
4cad89,SAS41A,,,1778856519,59.4283,17.489186,2945.7,90.0,False,140.17,-8.89,128.61
4cad89,SAS41A,,,1778856520,59.4283,17.491663,2936.9,90.0,False,140.09,-8.885,128.61
4cad89,SAS41A,,,1778856521,59.4283,17.494139,2928.0,90.0,False,140.02,-8.88,128.61
4cad89,SAS41A,,,1778856522,59.4283,17.496613,2919.1,90.0,False,139.94,-8.875,128.61
4cad89,SAS41A,,,1778856523,59.4283,17.499086,2910.2,90.0,False,139.86,-8.871,128.61
4cad89,SAS41A,,,1778856524,59.4283,17.501558,2901.4,90.0,False,139.78,-8.866,128.61
4cad89,SAS41A,,,1778856525,59.4283,17.504028,2892.5,90.0,False,139.7,-8.861,128.61
4cad89,SAS41A,,,1778856526,59.4283,17.506497,2883.6,90.0,False,139.62,-8.856,128.61
4cad89,SAS41A,,,1778856527,59.4283,17.508964,2874.8,90.0,False,139.54,-8.851,128.61
4cad89,SAS41A,,,1778856528,59.4283,17.51143,2866.0,90.0,False,139.46,-8.847,128.61
4cad89,SAS41A,,,1778856529,59.4283,17.513895,2857.1,90.0,False,139.39,-8.842,128.61
4cad89,SAS41A,,,1778856530,59.4283,17.516358,2848.3,90.0,False,139.31,-8.837,128.61
4cad89,SAS41A,,,1778856531,59.4283,17.51882,2839.4,90.0,False,139.23,-8.832,128.61
4cad89,SAS41A,,,1778856532,59.4283,17.52128,2830.6,90.0,False,139.15,-8.827,128.61
4cad89,SAS41A,,,1778856533,59.4283,17.523739,2821.8,90.0,False,139.07,-8.823,128.61
4cad89,SAS41A,,,1778856534,59.4283,17.526197,2813.0,90.0,False,139.0,-8.818,128.61
4cad89,SAS41A,,,1778856535,59.4283,17.528653,2804.2,90.0,False,138.92,-8.813,128.61
4cad89,SAS41A,,,1778856536,59.4283,17.531108,2795.4,90.0,False,138.84,-8.808,128.61
4cad89,SAS41A,,,1778856537,59.4283,17.533562,2786.5,90.0,False,138.76,-8.804,128.61
4cad89,SAS41A,,,1778856538,59.4283,17.536014,2777.7,90.0,False,138.68,-8.799,128.61
4cad89,SAS41A,,,1778856539,59.4283,17.538465,2769.0,90.0,False,138.61,-8.794,128.61
4cad89,SAS41A,,,1778856540,59.4283,17.540914,2760.2,90.0,False,138.53,-8.789,128.61
4cad89,SAS41A,,,1778856541,59.4283,17.543362,2751.4,90.0,False,138.45,-8.785,128.61
4cad89,SAS41A,,,1778856542,59.4283,17.545809,2742.6,90.0,False,138.38,-8.78,128.61
4cad89,SAS41A,,,1778856543,59.4283,17.548284,2733.8,90.0,False,139.98,-8.808,128.61
4cad89,SAS41A,,,1778856544,59.4283,17.550758,2725.0,90.0,False,139.9,-8.803,128.61
4cad89,SAS41A,,,1778856545,59.4283,17.55323,2716.2,90.0,False,139.82,-8.799,128.61
4cad89,SAS41A,,,1778856546,59.4283,17.555701,2707.4,90.0,False,139.75,-8.794,128.61
4cad89,SAS41A,,,1778856547,59.4283,17.55817,2698.6,90.0,False,139.67,-8.789,128.61
4cad89,SAS41A,,,1778856548,59.4283,17.560639,2689.8,90.0,False,139.59,-8.784,128.61
4cad89,SAS41A,,,1778856549,59.4283,17.563106,2681.0,90.0,False,139.51,-8.78,128.61
4cad89,SAS41A,,,1778856550,59.4283,17.565571,2672.3,90.0,False,139.44,-8.775,128.61
4cad89,SAS41A,,,1778856551,59.4283,17.568035,2663.5,90.0,False,139.36,-8.77,128.61
4cad89,SAS41A,,,1778856552,59.4283,17.570498,2654.7,90.0,False,139.28,-8.765,128.61
4cad89,SAS41A,,,1778856553,59.4283,17.572959,2646.0,90.0,False,139.21,-8.761,128.61
4cad89,SAS41A,,,1778856554,59.4283,17.575419,2637.2,90.0,False,139.13,-8.756,128.61
4cad89,SAS41A,,,1778856555,59.4283,17.577878,2628.5,90.0,False,139.05,-8.751,128.61
4cad89,SAS41A,,,1778856556,59.4283,17.580335,2619.7,90.0,False,138.98,-8.747,128.61
4cad89,SAS41A,,,1778856557,59.4283,17.582791,2611.0,90.0,False,138.9,-8.742,128.61
4cad89,SAS41A,,,1778856558,59.4283,17.585246,2602.2,90.0,False,138.82,-8.737,128.61
4cad89,SAS41A,,,1778856559,59.4283,17.587699,2593.5,90.0,False,138.75,-8.733,128.61
4cad89,SAS41A,,,1778856560,59.4283,17.590151,2584.8,90.0,False,138.67,-8.728,128.61
4cad89,SAS41A,,,1778856561,59.4283,17.592602,2576.1,90.0,False,138.6,-8.723,128.61
4cad89,SAS41A,,,1778856562,59.4283,17.595051,2567.3,90.0,False,138.52,-8.719,128.61
4cad89,SAS41A,,,1778856563,59.4283,17.597499,2558.6,90.0,False,138.44,-8.714,128.61
4cad89,SAS41A,,,1778856564,59.4283,17.599946,2549.9,90.0,False,138.37,-8.709,128.61
4cad89,SAS41A,,,1778856565,59.4283,17.602391,2541.2,90.0,False,138.29,-8.705,128.61
4cad89,SAS41A,,,1778856566,59.4283,17.604835,2532.5,90.0,False,138.22,-8.7,128.61
4cad89,SAS41A,,,1778856567,59.4283,17.607277,2523.8,90.0,False,138.14,-8.695,128.61
4cad89,SAS41A,,,1778856568,59.4283,17.609719,2515.1,90.0,False,138.07,-8.691,128.61
4cad89,SAS41A,,,1778856569,59.4283,17.612159,2506.4,90.0,False,137.99,-8.686,128.61
4cad89,SAS41A,,,1778856570,59.4283,17.614597,2497.8,90.0,False,137.91,-8.682,128.61
4cad89,SAS41A,,,1778856571,59.4283,17.617034,2489.1,90.0,False,137.84,-8.677,128.61
4cad89,SAS41A,,,1778856572,59.4283,17.61947,2480.4,90.0,False,137.76,-8.672,128.61
4cad89,SAS41A,,,1778856573,59.4283,17.621905,2471.7,90.0,False,137.69,-8.668,128.61
4cad89,SAS41A,,,1778856574,59.4283,17.624338,2463.1,90.0,False,137.61,-8.663,128.61
4cad89,SAS41A,,,1778856575,59.4283,17.626758,2454.4,90.0,False,136.83,-8.66,128.61
4cad89,SAS41A,,,1778856576,59.4283,17.629176,2445.8,90.0,False,136.76,-8.656,128.61
4cad89,SAS41A,,,1778856577,59.4283,17.631592,2437.1,90.0,False,136.68,-8.651,128.61
4cad89,SAS41A,,,1778856578,59.4283,17.634008,2428.5,90.0,False,136.61,-8.647,128.61
4cad89,SAS41A,,,1778856579,59.4283,17.636422,2419.8,90.0,False,136.53,-8.642,128.61
4cad89,SAS41A,,,1778856580,59.4283,17.638835,2411.2,90.0,False,136.46,-8.638,128.61
4cad89,SAS41A,,,1778856581,59.4283,17.641246,2402.5,90.0,False,136.39,-8.633,128.61
4cad89,SAS41A,,,1778856582,59.4283,17.643657,2393.9,90.0,False,136.31,-8.628,128.61
4cad89,SAS41A,,,1778856583,59.4283,17.646066,2385.3,90.0,False,136.24,-8.624,128.61
4cad89,SAS41A,,,1778856584,59.4283,17.648473,2376.7,90.0,False,136.16,-8.619,128.61
4cad89,SAS41A,,,1778856585,59.4283,17.650879,2368.1,90.0,False,136.09,-8.615,128.61
4cad89,SAS41A,,,1778856586,59.4283,17.653284,2359.5,90.0,False,136.02,-8.61,128.61
4cad89,SAS41A,,,1778856587,59.4283,17.655688,2350.8,90.0,False,135.94,-8.606,128.61
4cad89,SAS41A,,,1778856588,59.4283,17.658091,2342.2,90.0,False,135.87,-8.601,128.61
4cad89,SAS41A,,,1778856589,59.4283,17.660492,2333.6,90.0,False,135.79,-8.597,128.61
4cad89,SAS41A,,,1778856590,59.4283,17.662891,2325.1,90.0,False,135.72,-8.592,128.61
4cad89,SAS41A,,,1778856591,59.4283,17.66529,2316.5,90.0,False,135.65,-8.588,128.61
4cad89,SAS41A,,,1778856592,59.4283,17.667687,2307.9,90.0,False,135.57,-8.583,128.61
4cad89,SAS41A,,,1778856593,59.4283,17.670083,2299.3,90.0,False,135.5,-8.579,128.61
4cad89,SAS41A,,,1778856594,59.428918,17.672034,2290.7,58.1,False,135.43,-8.574,128.61
4cad89,SAS41A,,,1778856595,59.429705,17.673862,2282.2,49.7,False,135.35,-8.57,128.61
4cad89,SAS41A,,,1778856596,59.430492,17.675689,2273.6,49.7,False,135.28,-8.565,128.61
4cad89,SAS41A,,,1778856597,59.431279,17.677515,2265.0,49.7,False,135.21,-8.561,128.61
4cad89,SAS41A,,,1778856598,59.432065,17.67934,2256.5,49.7,False,135.14,-8.556,128.61
4cad89,SAS41A,,,1778856599,59.43285,17.681164,2247.9,49.7,False,135.06,-8.552,128.61
4cad89,SAS41A,,,1778856600,59.433636,17.682987,2239.4,49.7,False,134.99,-8.547,128.61
4cad89,SAS41A,,,1778856601,59.434421,17.684809,2230.8,49.7,False,134.92,-8.543,128.61
4cad89,SAS41A,,,1778856602,59.435205,17.68663,2222.3,49.7,False,134.85,-8.538,128.61
4cad89,SAS41A,,,1778856603,59.435989,17.68845,2213.8,49.7,False,134.77,-8.534,128.61
4cad89,SAS41A,,,1778856604,59.436773,17.69027,2205.2,49.7,False,134.7,-8.529,128.61
4cad89,SAS41A,,,1778856605,59.437572,17.692126,2196.7,49.7,False,137.44,-8.545,128.61
4cad89,SAS41A,,,1778856606,59.438371,17.693981,2188.2,49.7,False,137.37,-8.54,128.61
4cad89,SAS41A,,,1778856607,59.43917,17.695835,2179.6,49.7,False,137.3,-8.536,128.61
4cad89,SAS41A,,,1778856608,59.439968,17.697689,2171.1,49.7,False,137.23,-8.531,128.61
4cad89,SAS41A,,,1778856609,59.440766,17.699541,2162.6,49.7,False,137.15,-8.527,128.61
4cad89,SAS41A,,,1778856610,59.441564,17.701392,2154.0,49.7,False,137.08,-8.522,128.61
4cad89,SAS41A,,,1778856611,59.442361,17.703242,2145.5,49.7,False,137.01,-8.518,128.61
4cad89,SAS41A,,,1778856612,59.443157,17.705092,2137.0,49.7,False,136.94,-8.514,128.61
4cad89,SAS41A,,,1778856613,59.443954,17.70694,2128.5,49.7,False,136.87,-8.509,128.61
4cad89,SAS41A,,,1778856614,59.444749,17.708788,2120.0,49.7,False,136.79,-8.505,128.61
4cad89,SAS41A,,,1778856615,59.445545,17.710634,2111.5,49.7,False,136.72,-8.5,128.61
4cad89,SAS41A,,,1778856616,59.44634,17.71248,2103.0,49.7,False,136.65,-8.496,128.61
4cad89,SAS41A,,,1778856617,59.447134,17.714324,2094.5,49.7,False,136.58,-8.491,128.61
4cad89,SAS41A,,,1778856618,59.447928,17.716168,2086.0,49.7,False,136.51,-8.487,128.61
4cad89,SAS41A,,,1778856619,59.448722,17.71801,2077.5,49.7,False,136.44,-8.483,128.61
4cad89,SAS41A,,,1778856620,59.449515,17.719852,2069.1,49.7,False,136.37,-8.478,128.61
4cad89,SAS41A,,,1778856621,59.450308,17.721693,2060.6,49.7,False,136.29,-8.474,128.61
4cad89,SAS41A,,,1778856622,59.451101,17.723532,2052.1,49.7,False,136.22,-8.469,128.61
4cad89,SAS41A,,,1778856623,59.451893,17.725371,2043.6,49.7,False,136.15,-8.465,128.61
4cad89,SAS41A,,,1778856624,59.452684,17.727209,2035.2,49.7,False,136.08,-8.461,128.61
4cad89,SAS41A,,,1778856625,59.453475,17.729046,2026.7,49.7,False,136.01,-8.456,128.61
4cad89,SAS41A,,,1778856626,59.454266,17.730882,2018.3,49.7,False,135.94,-8.452,128.61
4cad89,SAS41A,,,1778856627,59.455057,17.732716,2009.8,49.7,False,135.87,-8.448,128.61
4cad89,SAS41A,,,1778856628,59.455847,17.73455,2001.4,49.7,False,135.8,-8.443,128.61
4cad89,SAS41A,,,1778856629,59.456636,17.736383,1992.9,49.7,False,135.73,-8.439,128.61
4cad89,SAS41A,,,1778856630,59.457425,17.738215,1984.5,49.7,False,135.66,-8.434,128.61
4cad89,SAS41A,,,1778856631,59.458214,17.740047,1976.1,49.7,False,135.59,-8.43,128.61
4cad89,SAS41A,,,1778856632,59.459002,17.741877,1967.7,49.7,False,135.52,-8.426,128.61
4cad89,SAS41A,,,1778856633,59.45979,17.743706,1959.2,49.7,False,135.45,-8.421,128.61
4cad89,SAS41A,,,1778856634,59.460578,17.745534,1950.8,49.7,False,135.38,-8.417,128.61
4cad89,SAS41A,,,1778856635,59.461365,17.747362,1942.4,49.7,False,135.31,-8.413,128.61
4cad89,SAS41A,,,1778856636,59.462152,17.749188,1934.0,49.7,False,135.24,-8.408,128.61
4cad89,SAS41A,,,1778856637,59.462938,17.751013,1925.6,49.7,False,135.17,-8.404,128.61
4cad89,SAS41A,,,1778856638,59.463724,17.752838,1917.2,49.7,False,135.1,-8.4,128.61
4cad89,SAS41A,,,1778856639,59.464509,17.754661,1908.8,49.7,False,135.03,-8.395,128.61
4cad89,SAS41A,,,1778856640,59.465295,17.756484,1900.4,49.7,False,134.96,-8.391,128.61
4cad89,SAS41A,,,1778856641,59.466079,17.758306,1892.0,49.7,False,134.89,-8.387,128.61
4cad89,SAS41A,,,1778856642,59.466863,17.760126,1883.6,49.7,False,134.82,-8.382,128.61
4cad89,SAS41A,,,1778856643,59.467647,17.761946,1875.3,49.7,False,134.75,-8.378,128.61
4cad89,SAS41A,,,1778856644,59.468431,17.763765,1866.9,49.7,False,134.68,-8.374,128.61
4cad89,SAS41A,,,1778856645,59.469214,17.765583,1858.5,49.7,False,134.61,-8.369,128.61
4cad89,SAS41A,,,1778856646,59.469997,17.7674,1850.2,49.7,False,134.54,-8.365,128.61
4cad89,SAS41A,,,1778856647,59.470779,17.769216,1841.8,49.7,False,134.47,-8.361,128.61
4cad89,SAS41A,,,1778856648,59.471561,17.771031,1833.4,49.7,False,134.4,-8.356,128.61
4cad89,SAS41A,,,1778856649,59.472246,17.772621,1826.5,49.7,False,117.73,-6.94,113.18
4cad89,SAS41A,,,1778856650,59.47293,17.77421,1819.6,49.7,False,117.68,-6.937,113.18
4cad89,SAS41A,,,1778856651,59.473614,17.775799,1812.6,49.7,False,117.63,-6.934,113.18
4cad89,SAS41A,,,1778856652,59.474298,17.777387,1805.7,49.7,False,117.58,-6.931,113.18
4cad89,SAS41A,,,1778856653,59.474982,17.778974,1798.8,49.7,False,117.53,-6.927,113.18
4cad89,SAS41A,,,1778856654,59.475666,17.780561,1791.8,49.7,False,117.48,-6.924,113.18
4cad89,SAS41A,,,1778856655,59.476349,17.782147,1784.9,49.7,False,117.43,-6.921,113.18
4cad89,SAS41A,,,1778856656,59.477032,17.783732,1778.0,49.7,False,117.38,-6.918,113.18
4cad89,SAS41A,,,1778856657,59.477714,17.785316,1771.1,49.7,False,117.33,-6.914,113.18
4cad89,SAS41A,,,1778856658,59.478396,17.7869,1764.2,49.7,False,117.28,-6.911,113.18
4cad89,SAS41A,,,1778856659,59.479078,17.788483,1757.3,49.7,False,117.23,-6.908,113.18
4cad89,SAS41A,,,1778856660,59.47976,17.790066,1750.4,49.7,False,117.18,-6.905,113.18
4cad89,SAS41A,,,1778856661,59.480441,17.791648,1743.5,49.7,False,117.13,-6.901,113.18
4cad89,SAS41A,,,1778856662,59.481122,17.793229,1736.6,49.7,False,117.08,-6.898,113.18
4cad89,SAS41A,,,1778856663,59.481803,17.794809,1729.7,49.7,False,117.03,-6.895,113.18
4cad89,SAS41A,,,1778856664,59.482484,17.796389,1722.8,49.7,False,116.98,-6.892,113.18
4cad89,SAS41A,,,1778856665,59.483164,17.797968,1715.9,49.7,False,116.93,-6.888,113.18
4cad89,SAS41A,,,1778856666,59.483844,17.799547,1709.0,49.7,False,116.88,-6.885,113.18
4cad89,SAS41A,,,1778856667,59.484523,17.801124,1702.1,49.7,False,116.83,-6.882,113.18
4cad89,SAS41A,,,1778856668,59.485231,17.802767,1695.2,49.7,False,121.63,-6.898,113.18
4cad89,SAS41A,,,1778856669,59.485938,17.804409,1688.3,49.7,False,121.58,-6.895,113.18
4cad89,SAS41A,,,1778856670,59.486645,17.80605,1681.4,49.7,False,121.53,-6.892,113.18
4cad89,SAS41A,,,1778856671,59.487352,17.807691,1674.6,49.7,False,121.48,-6.888,113.18
4cad89,SAS41A,,,1778856672,59.488058,17.809331,1667.7,49.7,False,121.43,-6.885,113.18
4cad89,SAS41A,,,1778856673,59.488765,17.81097,1660.8,49.7,False,121.38,-6.882,113.18
4cad89,SAS41A,,,1778856674,59.48947,17.812609,1653.9,49.7,False,121.33,-6.879,113.18
4cad89,SAS41A,,,1778856675,59.490176,17.814247,1647.0,49.7,False,121.28,-6.875,113.18
4cad89,SAS41A,,,1778856676,59.490881,17.815884,1640.2,49.7,False,121.23,-6.872,113.18
4cad89,SAS41A,,,1778856677,59.491586,17.817521,1633.3,49.7,False,121.18,-6.869,113.18
4cad89,SAS41A,,,1778856678,59.492291,17.819157,1626.4,49.7,False,121.13,-6.866,113.18
4cad89,SAS41A,,,1778856679,59.492995,17.820792,1619.6,49.7,False,121.08,-6.863,113.18
4cad89,SAS41A,,,1778856680,59.493699,17.822427,1612.7,49.7,False,121.03,-6.859,113.18
4cad89,SAS41A,,,1778856681,59.494403,17.82406,1605.8,49.7,False,120.98,-6.856,113.18
4cad89,SAS41A,,,1778856682,59.495107,17.825694,1599.0,49.7,False,120.93,-6.853,113.18
4cad89,SAS41A,,,1778856683,59.49581,17.827326,1592.1,49.7,False,120.89,-6.85,113.18
4cad89,SAS41A,,,1778856684,59.496513,17.828958,1585.3,49.7,False,120.84,-6.846,113.18
4cad89,SAS41A,,,1778856685,59.497215,17.830589,1578.5,49.7,False,120.79,-6.843,113.18
4cad89,SAS41A,,,1778856686,59.497918,17.83222,1571.6,49.7,False,120.74,-6.84,113.18
4cad89,SAS41A,,,1778856687,59.49862,17.83385,1564.8,49.7,False,120.69,-6.837,113.18
4cad89,SAS41A,,,1778856688,59.499322,17.835479,1557.9,49.7,False,120.64,-6.833,113.18
4cad89,SAS41A,,,1778856689,59.500023,17.837108,1551.1,49.7,False,120.59,-6.83,113.18
4cad89,SAS41A,,,1778856690,59.500724,17.838736,1544.3,49.7,False,120.54,-6.827,113.18
4cad89,SAS41A,,,1778856691,59.501425,17.840363,1537.5,49.7,False,120.49,-6.824,113.18
4cad89,SAS41A,,,1778856692,59.502126,17.841989,1530.6,49.7,False,120.44,-6.821,113.18
4cad89,SAS41A,,,1778856693,59.502826,17.843615,1523.8,49.7,False,120.39,-6.817,113.18
4cad89,SAS41A,,,1778856694,59.503526,17.845241,1517.0,49.7,False,120.34,-6.814,113.18
4cad89,SAS41A,,,1778856695,59.504226,17.846865,1510.2,49.7,False,120.3,-6.811,113.18
4cad89,SAS41A,,,1778856696,59.504926,17.848489,1503.4,49.7,False,120.25,-6.808,113.18
4cad89,SAS41A,,,1778856697,59.505625,17.850113,1496.6,49.7,False,120.2,-6.804,113.18
4cad89,SAS41A,,,1778856698,59.506324,17.851735,1489.8,49.7,False,120.15,-6.801,113.18
4cad89,SAS41A,,,1778856699,59.507023,17.853357,1483.0,49.7,False,120.1,-6.798,113.18
4cad89,SAS41A,,,1778856700,59.507721,17.854978,1476.2,49.7,False,120.05,-6.795,113.18
4cad89,SAS41A,,,1778856701,59.508419,17.856599,1469.4,49.7,False,120.0,-6.792,113.18
4cad89,SAS41A,,,1778856702,59.509117,17.858219,1462.6,49.7,False,119.95,-6.788,113.18
4cad89,SAS41A,,,1778856703,59.509814,17.859838,1455.8,49.7,False,119.91,-6.785,113.18
4cad89,SAS41A,,,1778856704,59.510512,17.861457,1449.0,49.7,False,119.86,-6.782,113.18
4cad89,SAS41A,,,1778856705,59.511209,17.863075,1442.3,49.7,False,119.81,-6.779,113.18
4cad89,SAS41A,,,1778856706,59.511905,17.864693,1435.5,49.7,False,119.76,-6.775,113.18
4cad89,SAS41A,,,1778856707,59.512602,17.866309,1428.7,49.7,False,119.71,-6.772,113.18
4cad89,SAS41A,,,1778856708,59.513298,17.867925,1422.0,49.7,False,119.66,-6.769,113.18
4cad89,SAS41A,,,1778856709,59.513994,17.869541,1415.2,49.7,False,119.62,-6.766,113.18
4cad89,SAS41A,,,1778856710,59.514689,17.871156,1408.4,49.7,False,119.57,-6.763,113.18
4cad89,SAS41A,,,1778856711,59.515385,17.87277,1401.7,49.7,False,119.52,-6.759,113.18
4cad89,SAS41A,,,1778856712,59.51608,17.874383,1394.9,49.7,False,119.47,-6.756,113.18
4cad89,SAS41A,,,1778856713,59.516774,17.875996,1388.2,49.7,False,119.42,-6.753,113.18
4cad89,SAS41A,,,1778856714,59.517465,17.877598,1381.4,49.7,False,118.64,-6.754,113.18
4cad89,SAS41A,,,1778856715,59.518154,17.8792,1374.6,49.7,False,118.59,-6.751,113.18
4cad89,SAS41A,,,1778856716,59.518844,17.880801,1367.9,49.7,False,118.54,-6.748,113.18
4cad89,SAS41A,,,1778856717,59.519533,17.882401,1361.2,49.7,False,118.5,-6.745,113.18
4cad89,SAS41A,,,1778856718,59.520222,17.884001,1354.4,49.7,False,118.45,-6.741,113.18
4cad89,SAS41A,,,1778856719,59.520911,17.8856,1347.7,49.7,False,118.4,-6.738,113.18
4cad89,SAS41A,,,1778856720,59.5216,17.887198,1340.9,49.7,False,118.35,-6.735,113.18
4cad89,SAS41A,,,1778856721,59.522288,17.888796,1334.2,49.7,False,118.3,-6.732,113.18
4cad89,SAS41A,,,1778856722,59.522976,17.890393,1327.5,49.7,False,118.26,-6.729,113.18
4cad89,SAS41A,,,1778856723,59.523664,17.891989,1320.8,49.7,False,118.21,-6.725,113.18
4cad89,SAS41A,,,1778856724,59.524351,17.893585,1314.0,49.7,False,118.16,-6.722,113.18
4cad89,SAS41A,,,1778856725,59.525038,17.89518,1307.3,49.7,False,118.11,-6.719,113.18
4cad89,SAS41A,,,1778856726,59.525725,17.896775,1300.6,49.7,False,118.07,-6.716,113.18
4cad89,SAS41A,,,1778856727,59.526411,17.898369,1293.9,49.7,False,118.02,-6.712,113.18
4cad89,SAS41A,,,1778856728,59.527098,17.899962,1287.2,49.7,False,117.97,-6.709,113.18
4cad89,SAS41A,,,1778856729,59.527784,17.901554,1280.5,49.7,False,117.92,-6.706,113.18
4cad89,SAS41A,,,1778856730,59.528469,17.903146,1273.8,49.7,False,117.88,-6.703,113.18
4cad89,SAS41A,,,1778856731,59.529155,17.904738,1267.1,49.7,False,117.83,-6.7,113.18
4cad89,SAS41A,,,1778856732,59.52984,17.906328,1260.4,49.7,False,117.78,-6.696,113.18
4cad89,SAS41A,,,1778856733,59.530525,17.907918,1253.7,49.7,False,117.74,-6.693,113.18
4cad89,SAS41A,,,1778856734,59.53121,17.909508,1247.0,49.7,False,117.69,-6.69,113.18
4cad89,SAS41A,,,1778856735,59.531894,17.911097,1240.3,49.7,False,117.64,-6.687,113.18
4cad89,SAS41A,,,1778856736,59.532578,17.912685,1233.6,49.7,False,117.59,-6.683,113.18
4cad89,SAS41A,,,1778856737,59.533514,17.9132,1226.9,15.6,False,117.55,-6.68,113.18
4cad89,SAS41A,,,1778856738,59.534571,17.9132,1220.3,0.0,False,117.5,-6.677,113.18
4cad89,SAS41A,,,1778856739,59.535689,17.9132,1213.6,0.0,False,124.33,-6.69,113.18
4cad89,SAS41A,,,1778856740,59.536806,17.9132,1206.9,0.0,False,124.28,-6.687,113.18
4cad89,SAS41A,,,1778856741,59.537924,17.9132,1200.2,0.0,False,124.23,-6.684,113.18
4cad89,SAS41A,,,1778856742,59.539041,17.9132,1193.5,0.0,False,124.18,-6.68,113.18
4cad89,SAS41A,,,1778856743,59.540157,17.9132,1186.8,0.0,False,124.14,-6.677,113.18
4cad89,SAS41A,,,1778856744,59.541273,17.9132,1180.2,0.0,False,124.09,-6.674,113.18
4cad89,SAS41A,,,1778856745,59.542388,17.9132,1173.5,0.0,False,124.04,-6.671,113.18
4cad89,SAS41A,,,1778856746,59.543504,17.9132,1166.8,0.0,False,124.0,-6.667,113.18
4cad89,SAS41A,,,1778856747,59.544618,17.9132,1160.2,0.0,False,123.95,-6.664,113.18
4cad89,SAS41A,,,1778856748,59.545733,17.9132,1153.5,0.0,False,123.9,-6.661,113.18
4cad89,SAS41A,,,1778856749,59.546846,17.9132,1146.9,0.0,False,123.86,-6.658,113.18
4cad89,SAS41A,,,1778856750,59.54796,17.9132,1140.2,0.0,False,123.81,-6.654,113.18
4cad89,SAS41A,,,1778856751,59.549073,17.9132,1133.5,0.0,False,123.76,-6.651,113.18
4cad89,SAS41A,,,1778856752,59.550186,17.9132,1126.9,0.0,False,123.72,-6.648,113.18
4cad89,SAS41A,,,1778856753,59.551298,17.9132,1120.3,0.0,False,123.67,-6.645,113.18
4cad89,SAS41A,,,1778856754,59.55241,17.9132,1113.6,0.0,False,123.63,-6.642,113.18
4cad89,SAS41A,,,1778856755,59.553521,17.9132,1107.0,0.0,False,123.58,-6.638,113.18
4cad89,SAS41A,,,1778856756,59.554632,17.9132,1100.3,0.0,False,123.53,-6.635,113.18
4cad89,SAS41A,,,1778856757,59.555742,17.9132,1093.7,0.0,False,123.49,-6.632,113.18
4cad89,SAS41A,,,1778856758,59.556853,17.9132,1087.1,0.0,False,123.44,-6.629,113.18
4cad89,SAS41A,,,1778856759,59.557962,17.9132,1080.5,0.0,False,123.39,-6.625,113.18
4cad89,SAS41A,,,1778856760,59.559072,17.9132,1073.8,0.0,False,123.35,-6.622,113.18
4cad89,SAS41A,,,1778856761,59.56018,17.9132,1067.2,0.0,False,123.3,-6.619,113.18
4cad89,SAS41A,,,1778856762,59.561289,17.9132,1060.6,0.0,False,123.26,-6.616,113.18
4cad89,SAS41A,,,1778856763,59.562397,17.9132,1054.0,0.0,False,123.21,-6.612,113.18
4cad89,SAS41A,,,1778856764,59.563505,17.9132,1047.4,0.0,False,123.16,-6.609,113.18
4cad89,SAS41A,,,1778856765,59.564612,17.9132,1040.8,0.0,False,123.12,-6.606,113.18
4cad89,SAS41A,,,1778856766,59.565719,17.9132,1034.2,0.0,False,123.07,-6.603,113.18
4cad89,SAS41A,,,1778856767,59.566825,17.9132,1027.6,0.0,False,123.03,-6.599,113.18
4cad89,SAS41A,,,1778856768,59.567931,17.9132,1021.0,0.0,False,122.98,-6.596,113.18
4cad89,SAS41A,,,1778856769,59.569037,17.9132,1014.4,0.0,False,122.94,-6.593,113.18
4cad89,SAS41A,,,1778856770,59.570142,17.9132,1007.8,0.0,False,122.89,-6.59,113.18
4cad89,SAS41A,,,1778856771,59.571247,17.9132,1001.2,0.0,False,122.84,-6.586,113.18
4cad89,SAS41A,,,1778856772,59.572351,17.9132,994.6,0.0,False,122.8,-6.583,113.18
4cad89,SAS41A,,,1778856773,59.573455,17.9132,988.0,0.0,False,122.75,-6.58,113.18
4cad89,SAS41A,,,1778856774,59.574558,17.9132,981.5,0.0,False,122.71,-6.577,113.18
4cad89,SAS41A,,,1778856775,59.575662,17.9132,974.9,0.0,False,122.66,-6.573,113.18
4cad89,SAS41A,,,1778856776,59.576764,17.9132,968.3,0.0,False,122.62,-6.57,113.18
4cad89,SAS41A,,,1778856777,59.577867,17.9132,961.7,0.0,False,122.57,-6.567,113.18
4cad89,SAS41A,,,1778856778,59.578969,17.9132,955.2,0.0,False,122.53,-6.564,113.18
4cad89,SAS41A,,,1778856779,59.58007,17.9132,948.6,0.0,False,122.48,-6.56,113.18
4cad89,SAS41A,,,1778856780,59.581171,17.9132,942.1,0.0,False,122.44,-6.557,113.18
4cad89,SAS41A,,,1778856781,59.582272,17.9132,935.5,0.0,False,122.39,-6.554,113.18
4cad89,SAS41A,,,1778856782,59.583372,17.9132,929.0,0.0,False,122.35,-6.551,113.18
4cad89,SAS41A,,,1778856783,59.584472,17.9132,922.4,0.0,False,122.3,-6.547,113.18
4cad89,SAS41A,,,1778856784,59.585572,17.9132,915.9,0.0,False,122.26,-6.544,113.18
4cad89,SAS41A,,,1778856785,59.58648,17.9132,910.5,0.0,False,100.99,-5.348,92.58
4cad89,SAS41A,,,1778856786,59.587388,17.9132,905.2,0.0,False,100.96,-5.345,92.58
4cad89,SAS41A,,,1778856787,59.588296,17.9132,899.8,0.0,False,100.93,-5.342,92.58
4cad89,SAS41A,,,1778856788,59.589203,17.9132,894.5,0.0,False,100.9,-5.34,92.58
4cad89,SAS41A,,,1778856789,59.59011,17.9132,889.2,0.0,False,100.87,-5.337,92.58
4cad89,SAS41A,,,1778856790,59.591017,17.9132,883.8,0.0,False,100.84,-5.335,92.58
4cad89,SAS41A,,,1778856791,59.591924,17.9132,878.5,0.0,False,100.81,-5.332,92.58
4cad89,SAS41A,,,1778856792,59.592855,17.9132,873.2,0.0,False,103.55,-5.34,92.58
4cad89,SAS41A,,,1778856793,59.593786,17.9132,867.8,0.0,False,103.52,-5.337,92.58
4cad89,SAS41A,,,1778856794,59.594717,17.9132,862.5,0.0,False,103.49,-5.334,92.58
4cad89,SAS41A,,,1778856795,59.595647,17.9132,857.2,0.0,False,103.46,-5.332,92.58
4cad89,SAS41A,,,1778856796,59.596577,17.9132,851.8,0.0,False,103.43,-5.329,92.58
4cad89,SAS41A,,,1778856797,59.597507,17.9132,846.5,0.0,False,103.4,-5.327,92.58
4cad89,SAS41A,,,1778856798,59.598437,17.9132,841.2,0.0,False,103.37,-5.324,92.58
4cad89,SAS41A,,,1778856799,59.599366,17.9132,835.8,0.0,False,103.34,-5.322,92.58
4cad89,SAS41A,,,1778856800,59.600295,17.9132,830.5,0.0,False,103.31,-5.319,92.58
4cad89,SAS41A,,,1778856801,59.601224,17.9132,825.2,0.0,False,103.28,-5.316,92.58
4cad89,SAS41A,,,1778856802,59.602152,17.9132,819.9,0.0,False,103.25,-5.314,92.58
4cad89,SAS41A,,,1778856803,59.603081,17.9132,814.6,0.0,False,103.22,-5.311,92.58
4cad89,SAS41A,,,1778856804,59.604009,17.9132,809.3,0.0,False,103.19,-5.309,92.58
4cad89,SAS41A,,,1778856805,59.604936,17.9132,804.0,0.0,False,103.16,-5.306,92.58
4cad89,SAS41A,,,1778856806,59.605864,17.9132,798.7,0.0,False,103.13,-5.304,92.58
4cad89,SAS41A,,,1778856807,59.606791,17.9132,793.4,0.0,False,103.1,-5.301,92.58
4cad89,SAS41A,,,1778856808,59.607718,17.9132,788.1,0.0,False,103.07,-5.299,92.58
4cad89,SAS41A,,,1778856809,59.608645,17.9132,782.8,0.0,False,103.04,-5.296,92.58
4cad89,SAS41A,,,1778856810,59.609571,17.9132,777.5,0.0,False,103.01,-5.294,92.58
4cad89,SAS41A,,,1778856811,59.610497,17.9132,772.2,0.0,False,102.98,-5.291,92.58
4cad89,SAS41A,,,1778856812,59.611423,17.9132,766.9,0.0,False,102.95,-5.289,92.58
4cad89,SAS41A,,,1778856813,59.612349,17.9132,761.6,0.0,False,102.92,-5.286,92.58
4cad89,SAS41A,,,1778856814,59.613274,17.9132,756.3,0.0,False,102.89,-5.284,92.58
4cad89,SAS41A,,,1778856815,59.614199,17.9132,751.0,0.0,False,102.86,-5.281,92.58
4cad89,SAS41A,,,1778856816,59.615124,17.9132,745.8,0.0,False,102.83,-5.279,92.58
4cad89,SAS41A,,,1778856817,59.616048,17.9132,740.5,0.0,False,102.8,-5.276,92.58
4cad89,SAS41A,,,1778856818,59.616973,17.9132,735.2,0.0,False,102.77,-5.274,92.58
4cad89,SAS41A,,,1778856819,59.617897,17.9132,730.0,0.0,False,102.74,-5.271,92.58
4cad89,SAS41A,,,1778856820,59.61882,17.9132,724.7,0.0,False,102.71,-5.269,92.58
4cad89,SAS41A,,,1778856821,59.619744,17.9132,719.4,0.0,False,102.68,-5.266,92.58
4cad89,SAS41A,,,1778856822,59.620667,17.9132,714.2,0.0,False,102.65,-5.264,92.58
4cad89,SAS41A,,,1778856823,59.62159,17.9132,708.9,0.0,False,102.63,-5.261,92.58
4cad89,SAS41A,,,1778856824,59.622513,17.9132,703.6,0.0,False,102.6,-5.259,92.58
4cad89,SAS41A,,,1778856825,59.623435,17.9132,698.4,0.0,False,102.57,-5.256,92.58
4cad89,SAS41A,,,1778856826,59.624357,17.9132,693.1,0.0,False,102.54,-5.254,92.58
4cad89,SAS41A,,,1778856827,59.625279,17.9132,687.9,0.0,False,102.51,-5.251,92.58
4cad89,SAS41A,,,1778856828,59.626206,17.9132,682.6,0.0,False,103.07,-5.247,92.58
4cad89,SAS41A,,,1778856829,59.627132,17.9132,677.4,0.0,False,103.04,-5.245,92.58
4cad89,SAS41A,,,1778856830,59.628059,17.9132,672.1,0.0,False,103.01,-5.243,92.58
4cad89,SAS41A,,,1778856831,59.628985,17.9132,666.9,0.0,False,102.98,-5.24,92.58
4cad89,SAS41A,,,1778856832,59.629911,17.9132,661.7,0.0,False,102.95,-5.238,92.58
4cad89,SAS41A,,,1778856833,59.630836,17.9132,656.4,0.0,False,102.92,-5.235,92.58
4cad89,SAS41A,,,1778856834,59.631762,17.9132,651.2,0.0,False,102.89,-5.233,92.58
4cad89,SAS41A,,,1778856835,59.632699,17.9132,646.0,0.0,False,104.2,-5.24,92.58
4cad89,SAS41A,,,1778856836,59.633636,17.9132,640.7,0.0,False,104.17,-5.237,92.58
4cad89,SAS41A,,,1778856837,59.634577,17.9132,635.4,0.0,False,104.67,-5.264,93.09
4cad89,SAS41A,,,1778856838,59.635513,17.9132,630.2,0.0,False,104.12,-5.233,92.58
4cad89,SAS41A,,,1778856839,59.636445,17.9132,625.0,0.0,False,103.56,-5.201,92.06
4cad89,SAS41A,,,1778856840,59.6373,17.9132,619.8,0.0,False,103.01,-5.17,91.55
4cad89,SAS41A,,,1778856841,59.6373,17.9132,614.7,0.0,False,102.46,-5.138,91.03
4cad89,SAS41A,,,1778856842,59.6373,17.9132,609.6,0.0,False,101.91,-5.107,90.52
