icao24,callsign,est_departure,est_arrival,time,lat,lon,baro_alt_m,true_track,on_ground,velocity_ms,vertical_rate_ms,cas_ms,mach,fuel_flow_kg_s,cum_fuel_kg,cum_dist_nm
4caa57,RYR24NN,,,1781598234,58.80614,17.529249,5323.6,26.0,False,258.58,-27.045,198.1,0.7001,0.13083,0.131,0.14
4caa57,RYR24NN,,,1781598235,58.808225,17.531224,5296.6,26.1,False,258.18,-26.997,198.1,0.699,0.13116,0.262,0.279
4caa57,RYR24NN,,,1781598236,58.810303,17.533205,5269.6,26.3,False,257.79,-26.95,198.1,0.6979,0.13149,0.393,0.418
4caa57,RYR24NN,,,1781598237,58.812398,17.535105,5242.7,25.2,False,257.39,-26.903,198.1,0.6968,0.13183,0.525,0.557
4caa57,RYR24NN,,,1781598238,58.814475,17.537066,5215.9,26.1,False,257.0,-26.856,198.1,0.6957,0.13216,0.657,0.696
4caa57,RYR24NN,,,1781598239,58.81656,17.539069,5189.0,26.4,False,258.96,-26.881,198.1,0.6981,0.13076,0.788,0.836
4caa57,RYR24NN,,,1781598240,58.81866,17.540997,5162.2,25.4,False,258.56,-26.835,198.1,0.697,0.13109,0.919,0.975
4caa57,RYR24NN,,,1781598241,58.820745,17.542992,5135.2,26.4,False,258.74,-26.985,198.58,0.6974,0.13136,1.051,1.115
4caa57,RYR24NN,,,1781598242,58.822823,17.544975,5108.4,26.3,False,257.74,-26.727,198.06,0.6947,0.13175,1.182,1.254
4caa57,RYR24NN,,,1781598243,58.8249,17.546925,5082.0,25.9,False,256.74,-26.472,197.55,0.6919,0.13214,1.315,1.393
4caa57,RYR24NN,,,1781598244,58.82697,17.54886,5055.8,25.8,False,255.75,-26.221,197.03,0.6891,0.13252,1.447,1.531
4caa57,RYR24NN,,,1781598245,58.829028,17.550804,5029.8,26.1,False,254.76,-25.973,196.52,0.6864,0.13289,1.58,1.669
4caa57,RYR24NN,,,1781598246,58.831075,17.552755,5004.1,26.3,False,253.78,-25.728,196.0,0.6836,0.13327,1.713,1.806
4caa57,RYR24NN,,,1781598247,58.833118,17.554684,4978.6,26.0,False,252.81,-25.486,195.49,0.6809,0.13363,1.847,1.942
4caa57,RYR24NN,,,1781598248,58.835154,17.556598,4953.3,25.9,False,251.84,-25.248,194.97,0.6782,0.134,1.981,2.078
4caa57,RYR24NN,,,1781598249,58.83718,17.558514,4928.3,26.1,False,250.87,-25.012,194.46,0.6755,0.13436,2.115,2.214
4caa57,RYR24NN,,,1781598250,58.839202,17.560411,4903.5,25.9,False,249.91,-24.778,193.95,0.6729,0.13471,2.25,2.348
4caa57,RYR24NN,,,1781598251,58.841223,17.562272,4879.0,25.5,False,248.96,-24.548,193.43,0.6702,0.13506,2.385,2.483
4caa57,RYR24NN,,,1781598252,58.843216,17.564209,4854.7,26.7,False,248.01,-24.32,192.92,0.6676,0.1354,2.52,2.617
4caa57,RYR24NN,,,1781598253,58.845228,17.566028,4830.6,25.1,False,247.06,-24.094,192.4,0.6649,0.13575,2.656,2.75
4caa57,RYR24NN,,,1781598254,58.847212,17.567925,4806.7,26.3,False,246.12,-23.872,191.89,0.6623,0.13608,2.792,2.883
4caa57,RYR24NN,,,1781598255,58.849193,17.569798,4783.0,26.1,False,245.18,-23.651,191.37,0.6597,0.13641,2.929,3.016
4caa57,RYR24NN,,,1781598256,58.85118,17.571607,4759.6,25.2,False,244.25,-23.433,190.86,0.6571,0.13674,3.065,3.147
4caa57,RYR24NN,,,1781598257,58.853132,17.573516,4736.4,26.8,False,243.33,-23.217,190.34,0.6545,0.13707,3.202,3.279
4caa57,RYR24NN,,,1781598258,58.855106,17.575305,4713.4,25.1,False,242.4,-23.003,189.83,0.652,0.13739,3.34,3.41
4caa57,RYR24NN,,,1781598259,58.857043,17.577201,4690.6,26.8,False,241.49,-22.792,189.32,0.6494,0.1377,3.478,3.54
4caa57,RYR24NN,,,1781598260,58.859002,17.578976,4668.0,25.1,False,240.57,-22.582,188.8,0.6469,0.13802,3.616,3.67
4caa57,RYR24NN,,,1781598261,58.860945,17.58078,4645.6,25.7,False,239.67,-22.375,188.29,0.6443,0.13832,3.754,3.799
4caa57,RYR24NN,,,1781598262,58.862873,17.582609,4623.5,26.1,False,238.76,-22.17,187.77,0.6418,0.13863,3.893,3.928
4caa57,RYR24NN,,,1781598263,58.864796,17.584418,4601.5,25.9,False,237.86,-21.967,187.26,0.6393,0.13893,4.031,4.057
4caa57,RYR24NN,,,1781598264,58.866716,17.586208,4579.7,25.7,False,236.96,-21.765,186.74,0.6368,0.13923,4.171,4.185
4caa57,RYR24NN,,,1781598265,58.868636,17.587963,4558.2,25.3,False,236.07,-21.566,186.23,0.6343,0.13952,4.31,4.312
4caa57,RYR24NN,,,1781598266,58.870523,17.589807,4536.8,26.8,False,235.19,-21.369,185.71,0.6319,0.13981,4.45,4.439
4caa57,RYR24NN,,,1781598267,58.872443,17.591579,4515.6,25.5,False,236.56,-21.219,185.2,0.6322,0.13851,4.589,4.567
4caa57,RYR24NN,,,1781598268,58.874354,17.593353,4494.6,25.6,False,235.67,-21.025,184.69,0.6298,0.1388,4.727,4.694
4caa57,RYR24NN,,,1781598269,58.876264,17.595092,4473.7,25.2,False,234.78,-20.833,184.17,0.6273,0.13907,4.866,4.821
4caa57,RYR24NN,,,1781598270,58.878164,17.596837,4453.1,25.4,False,233.9,-20.643,183.66,0.6249,0.13935,5.006,4.947
4caa57,RYR24NN,,,1781598271,58.880049,17.59861,4432.6,25.9,False,233.03,-20.454,183.14,0.6225,0.13962,5.145,5.073
4caa57,RYR24NN,,,1781598272,58.881931,17.600358,4412.4,25.6,False,232.16,-20.267,182.63,0.62,0.13989,5.285,5.198
4caa57,RYR24NN,,,1781598273,58.883811,17.60208,4392.3,25.3,False,231.29,-20.082,182.11,0.6176,0.14015,5.425,5.323
4caa57,RYR24NN,,,1781598274,58.885677,17.603826,4372.4,25.8,False,230.42,-19.899,181.6,0.6152,0.14042,5.566,5.448
4caa57,RYR24NN,,,1781598275,58.887533,17.605574,4352.7,26.0,False,229.56,-19.717,181.08,0.6128,0.14067,5.706,5.572
4caa57,RYR24NN,,,1781598276,58.889393,17.607276,4333.1,25.3,False,228.7,-19.537,180.57,0.6105,0.14093,5.847,5.695
4caa57,RYR24NN,,,1781598277,58.89124,17.608993,4313.8,25.7,False,227.85,-19.358,180.06,0.6081,0.14118,5.989,5.818
4caa57,RYR24NN,,,1781598278,58.893083,17.610692,4294.6,25.5,False,227.0,-19.181,179.54,0.6057,0.14143,6.13,5.941
4caa57,RYR24NN,,,1781598279,58.894917,17.612395,4275.6,25.6,False,226.15,-19.006,179.03,0.6034,0.14167,6.272,6.063
4caa57,RYR24NN,,,1781598280,58.896746,17.61408,4256.8,25.4,False,225.31,-18.832,178.51,0.6011,0.14192,6.414,6.184
4caa57,RYR24NN,,,1781598281,58.898566,17.615773,4238.1,25.7,False,224.47,-18.66,178.0,0.5987,0.14216,6.556,6.306
4caa57,RYR24NN,,,1781598282,58.900393,17.617398,4219.6,24.7,False,223.63,-18.489,177.48,0.5964,0.14239,6.698,6.426
4caa57,RYR24NN,,,1781598283,58.902206,17.619047,4201.3,25.2,False,222.8,-18.32,176.97,0.5941,0.14263,6.841,6.547
4caa57,RYR24NN,,,1781598284,58.904003,17.620733,4183.1,25.9,False,221.97,-18.153,176.45,0.5918,0.14286,6.984,6.667
4caa57,RYR24NN,,,1781598285,58.905806,17.622358,4165.1,25.0,False,221.14,-17.987,175.94,0.5895,0.14308,7.127,6.786
4caa57,RYR24NN,,,1781598286,58.907596,17.624002,4147.3,25.4,False,220.32,-17.822,175.43,0.5872,0.14331,7.27,6.905
4caa57,RYR24NN,,,1781598287,58.909387,17.625608,4129.7,24.8,False,219.5,-17.659,174.91,0.5849,0.14353,7.414,7.023
4caa57,RYR24NN,,,1781598288,58.911172,17.627205,4112.2,24.8,False,218.68,-17.497,174.4,0.5827,0.14375,7.557,7.142
4caa57,RYR24NN,,,1781598289,58.912943,17.628827,4094.8,25.3,False,217.87,-17.337,173.88,0.5804,0.14397,7.701,7.259
4caa57,RYR24NN,,,1781598290,58.91471,17.630436,4077.6,25.2,False,217.06,-17.178,173.37,0.5782,0.14418,7.845,7.376
4caa57,RYR24NN,,,1781598291,58.916486,17.631968,4060.6,24.0,False,216.25,-17.021,172.85,0.5759,0.14439,7.99,7.493
4caa57,RYR24NN,,,1781598292,58.91822,17.633641,4043.8,26.5,False,215.45,-16.865,172.34,0.5737,0.1446,8.134,7.61
4caa57,RYR24NN,,,1781598293,58.919977,17.63519,4027.1,24.5,False,214.64,-16.711,171.82,0.5715,0.1448,8.279,7.725
4caa57,RYR24NN,,,1781598294,58.921722,17.636758,4010.5,24.9,False,213.84,-16.558,171.31,0.5693,0.145,8.424,7.841
4caa57,RYR24NN,,,1781598295,58.923467,17.638289,3994.1,24.4,False,213.05,-16.406,170.8,0.5671,0.1452,8.569,7.956
4caa57,RYR24NN,,,1781598296,58.925192,17.639871,3977.8,25.3,False,212.26,-16.256,170.28,0.5649,0.1454,8.715,8.071
4caa57,RYR24NN,,,1781598297,58.926912,17.641445,3961.7,25.3,False,211.47,-16.107,169.77,0.5627,0.1456,8.86,8.185
4caa57,RYR24NN,,,1781598298,58.928623,17.643021,3945.8,25.4,False,210.68,-15.96,169.25,0.5605,0.14579,9.006,8.298
4caa57,RYR24NN,,,1781598299,58.930336,17.644558,3929.9,24.9,False,209.89,-15.814,168.74,0.5583,0.14598,9.152,8.412
4caa57,RYR24NN,,,1781598300,58.932049,17.646061,3914.3,24.4,False,209.11,-15.669,168.22,0.5562,0.14616,9.298,8.525
4caa57,RYR24NN,,,1781598301,58.933743,17.647613,3898.8,25.3,False,208.33,-15.526,167.71,0.554,0.14635,9.445,8.637
4caa57,RYR24NN,,,1781598302,58.935448,17.649148,3883.3,24.9,False,209.1,-15.425,167.19,0.554,0.14515,9.59,8.75
4caa57,RYR24NN,,,1781598303,58.937148,17.650675,3868.0,24.9,False,208.32,-15.284,166.68,0.5519,0.14533,9.735,8.863
4caa57,RYR24NN,,,1781598304,58.938834,17.652227,3852.9,25.4,False,207.55,-15.145,166.17,0.5497,0.1455,9.881,8.975
4caa57,RYR24NN,,,1781598305,58.940511,17.653783,3837.9,25.6,False,206.77,-15.007,165.65,0.5476,0.14568,10.026,9.086
4caa57,RYR24NN,,,1781598306,58.942191,17.655297,3823.0,24.9,False,206.0,-14.87,165.14,0.5454,0.14585,10.172,9.198
4caa57,RYR24NN,,,1781598307,58.94387,17.656784,3808.3,24.6,False,205.23,-14.735,164.62,0.5433,0.14602,10.318,9.308
4caa57,RYR24NN,,,1781598308,58.945527,17.658329,3793.7,25.7,False,204.46,-14.601,164.11,0.5412,0.14619,10.464,9.419
4caa57,RYR24NN,,,1781598309,58.947186,17.659835,3779.2,25.1,False,203.69,-14.468,163.59,0.5391,0.14636,10.611,9.529
4caa57,RYR24NN,,,1781598310,58.948843,17.661317,3764.9,24.8,False,202.93,-14.336,163.08,0.537,0.14652,10.757,9.638
4caa57,RYR24NN,,,1781598311,58.95049,17.662808,3750.7,25.0,False,202.17,-14.206,162.56,0.5349,0.14668,10.904,9.747
4caa57,RYR24NN,,,1781598312,58.952127,17.664319,3736.6,25.5,False,201.54,-14.078,162.05,0.5328,0.14682,11.051,9.856
4caa57,RYR24NN,,,1781598313,58.953764,17.665794,3722.7,24.9,False,200.78,-13.95,161.54,0.5307,0.14697,11.198,9.965
4caa57,RYR24NN,,,1781598314,58.955393,17.667274,3708.8,25.1,False,200.03,-13.824,161.02,0.5286,0.14713,11.345,10.073
4caa57,RYR24NN,,,1781598315,58.957024,17.668715,3695.1,24.5,False,199.28,-13.699,160.51,0.5266,0.14728,11.492,10.18
4caa57,RYR24NN,,,1781598316,58.958635,17.670208,3681.6,25.5,False,198.53,-13.575,159.99,0.5245,0.14743,11.64,10.287
4caa57,RYR24NN,,,1781598317,58.960234,17.671716,3668.1,25.9,False,197.78,-13.452,159.48,0.5224,0.14758,11.787,10.394
4caa57,RYR24NN,,,1781598318,58.961842,17.673163,3654.8,24.9,False,197.03,-13.331,158.96,0.5204,0.14773,11.935,10.501
4caa57,RYR24NN,,,1781598319,58.96344,17.674617,3641.6,25.1,False,196.29,-13.211,158.45,0.5183,0.14787,12.083,10.607
4caa57,RYR24NN,,,1781598320,58.965031,17.67607,3628.5,25.2,False,195.55,-13.092,157.93,0.5163,0.14802,12.231,10.712
4caa57,RYR24NN,,,1781598321,58.96662,17.6775,3615.5,24.9,False,194.81,-12.974,157.42,0.5143,0.14816,12.379,10.817
4caa57,RYR24NN,,,1781598322,58.9682,17.678937,3602.6,25.1,False,194.08,-12.858,156.91,0.5122,0.1483,12.527,10.922
4caa57,RYR24NN,,,1781598323,58.969773,17.680377,3589.9,25.3,False,193.34,-12.742,156.39,0.5102,0.14843,12.676,11.027
4caa57,RYR24NN,,,1781598324,58.971341,17.681803,3577.3,25.1,False,192.61,-12.628,155.88,0.5082,0.14857,12.824,11.131
4caa57,RYR24NN,,,1781598325,58.972907,17.683211,3564.8,24.9,False,191.88,-12.515,155.36,0.5062,0.1487,12.973,11.234
4caa57,RYR24NN,,,1781598326,58.974466,17.684617,3552.3,24.9,False,191.15,-12.404,154.85,0.5041,0.14883,13.122,11.337
4caa57,RYR24NN,,,1781598327,58.976009,17.686056,3540.1,25.7,False,190.43,-12.293,154.33,0.5021,0.14896,13.271,11.44
4caa57,RYR24NN,,,1781598328,58.977553,17.687464,3527.9,25.2,False,189.7,-12.184,153.82,0.5001,0.14909,13.42,11.543
4caa57,RYR24NN,,,1781598329,58.979102,17.688821,3515.8,24.3,False,188.98,-12.076,153.3,0.4982,0.14922,13.569,11.645
4caa57,RYR24NN,,,1781598330,58.980631,17.690231,3503.8,25.4,False,188.26,-11.969,152.79,0.4962,0.14934,13.718,11.746
4caa57,RYR24NN,,,1781598331,58.982158,17.69162,3492.0,25.1,False,187.54,-11.863,152.28,0.4942,0.14946,13.868,11.848
4caa57,RYR24NN,,,1781598332,58.983676,17.693016,3480.2,25.4,False,186.83,-11.758,151.76,0.4922,0.14958,14.017,11.949
4caa57,RYR24NN,,,1781598333,58.985194,17.694386,3468.6,24.9,False,186.11,-11.655,151.25,0.4902,0.1497,14.167,12.049
4caa57,RYR24NN,,,1781598334,58.986702,17.695764,3457.0,25.2,False,185.4,-11.552,150.73,0.4883,0.14982,14.317,12.149
4caa57,RYR24NN,,,1781598335,58.988204,17.697142,3445.5,25.3,False,184.69,-11.451,150.22,0.4863,0.14994,14.467,12.249
4caa57,RYR24NN,,,1781598336,58.989702,17.698506,3434.2,25.1,False,183.98,-11.351,149.7,0.4843,0.15005,14.617,12.348
4caa57,RYR24NN,,,1781598337,58.991195,17.69986,3422.9,25.0,False,183.27,-11.252,149.19,0.4824,0.15016,14.767,12.447
4caa57,RYR24NN,,,1781598338,58.99268,17.701219,3411.8,25.2,False,182.56,-11.154,148.67,0.4804,0.15027,14.917,12.546
4caa57,RYR24NN,,,1781598339,58.994158,17.702576,3400.7,25.3,False,181.86,-11.058,148.16,0.4785,0.15038,15.068,12.644
4caa57,RYR24NN,,,1781598340,58.995635,17.703915,3389.8,25.0,False,181.16,-10.962,147.65,0.4765,0.15049,15.218,12.742
4caa57,RYR24NN,,,1781598341,58.997105,17.705248,3378.9,25.0,False,180.45,-10.868,147.13,0.4746,0.1506,15.369,12.839
4caa57,RYR24NN,,,1781598342,58.998563,17.706604,3368.1,25.6,False,179.75,-10.774,146.62,0.4727,0.1507,15.52,12.936
4caa57,RYR24NN,,,1781598343,59.00002,17.707933,3357.4,25.2,False,179.06,-10.682,146.1,0.4708,0.15081,15.67,13.033
4caa57,RYR24NN,,,1781598344,59.001474,17.70925,3346.9,25.0,False,178.36,-10.591,145.59,0.4688,0.15091,15.821,13.129
4caa57,RYR24NN,,,1781598345,59.002914,17.710594,3336.4,25.7,False,177.67,-10.501,145.07,0.4669,0.15101,15.972,13.225
4caa57,RYR24NN,,,1781598346,59.004362,17.711878,3325.9,24.5,False,176.97,-10.412,144.56,0.465,0.15111,16.123,13.321
4caa57,RYR24NN,,,1781598347,59.0058,17.713171,3315.6,24.8,False,176.28,-10.324,144.04,0.4631,0.15121,16.275,13.416
4caa57,RYR24NN,,,1781598348,59.007222,17.714504,3305.4,25.8,False,175.59,-10.238,143.53,0.4612,0.1513,16.426,13.511
4caa57,RYR24NN,,,1781598349,59.008655,17.715814,3295.2,25.2,False,176.05,-10.189,143.02,0.4607,0.15029,16.576,13.606
4caa57,RYR24NN,,,1781598350,59.010086,17.7171,3285.1,24.8,False,175.36,-10.105,142.5,0.4588,0.15039,16.727,13.7
4caa57,RYR24NN,,,1781598351,59.011512,17.71838,3275.1,24.8,False,174.67,-10.021,141.99,0.4569,0.15048,16.877,13.795
4caa57,RYR24NN,,,1781598352,59.012918,17.719711,3265.1,26.0,False,173.98,-9.939,141.47,0.455,0.15057,17.028,13.889
4caa57,RYR24NN,,,1781598353,59.014335,17.720969,3255.3,24.6,False,173.29,-9.858,140.96,0.4531,0.15066,17.178,13.982
4caa57,RYR24NN,,,1781598354,59.015744,17.722236,3245.5,24.8,False,172.6,-9.777,140.44,0.4512,0.15075,17.329,14.075
4caa57,RYR24NN,,,1781598355,59.017138,17.723536,3235.8,25.6,False,171.92,-9.698,139.93,0.4494,0.15084,17.48,14.168
4caa57,RYR24NN,,,1781598356,59.018541,17.724768,3226.2,24.3,False,171.23,-9.62,139.41,0.4475,0.15092,17.631,14.261
4caa57,RYR24NN,,,1781598357,59.019922,17.726063,3216.6,25.8,False,170.55,-9.543,138.9,0.4456,0.15101,17.782,14.353
4caa57,RYR24NN,,,1781598358,59.021308,17.727312,3207.2,24.9,False,169.87,-9.467,138.39,0.4437,0.15109,17.933,14.445
4caa57,RYR24NN,,,1781598359,59.022691,17.728545,3197.8,24.6,False,169.19,-9.392,137.87,0.4418,0.15117,18.084,14.536
4caa57,RYR24NN,,,1781598360,59.024061,17.729802,3188.5,25.3,False,168.51,-9.318,137.36,0.44,0.15125,18.235,14.627
4caa57,RYR24NN,,,1781598361,59.025426,17.731053,3179.2,25.2,False,167.83,-9.245,136.84,0.4381,0.15133,18.387,14.718
4caa57,RYR24NN,,,1781598362,59.026786,17.732296,3170.0,25.2,False,167.16,-9.173,136.33,0.4363,0.15141,18.538,14.808
4caa57,RYR24NN,,,1781598363,59.028141,17.733535,3160.9,25.2,False,166.48,-9.102,135.81,0.4344,0.15149,18.69,14.898
4caa57,RYR24NN,,,1781598364,59.029494,17.734754,3151.9,24.9,False,165.81,-9.032,135.3,0.4325,0.15157,18.841,14.987
4caa57,RYR24NN,,,1781598365,59.030831,17.736009,3142.9,25.8,False,165.14,-8.963,134.78,0.4307,0.15164,18.993,15.076
4caa57,RYR24NN,,,1781598366,59.032178,17.737195,3134.0,24.4,False,164.46,-8.895,134.27,0.4288,0.15172,19.145,15.165
4caa57,RYR24NN,,,1781598367,59.033513,17.738407,3125.2,25.0,False,163.79,-8.828,133.76,0.427,0.15179,19.296,15.254
4caa57,RYR24NN,,,1781598368,59.034838,17.73963,3116.4,25.4,False,163.13,-8.763,133.24,0.4252,0.15186,19.448,15.342
4caa57,RYR24NN,,,1781598369,59.036148,17.740888,3107.8,26.3,False,162.46,-8.698,132.73,0.4233,0.15193,19.6,15.429
4caa57,RYR24NN,,,1781598370,59.037469,17.74207,3099.1,24.7,False,161.79,-8.634,132.21,0.4215,0.152,19.752,15.517
4caa57,RYR24NN,,,1781598371,59.038786,17.743244,3090.5,24.6,False,161.12,-8.571,131.7,0.4196,0.15207,19.904,15.604
4caa57,RYR24NN,,,1781598372,59.040087,17.744458,3082.0,25.6,False,160.46,-8.509,131.18,0.4178,0.15214,20.056,15.69
4caa57,RYR24NN,,,1781598373,59.041383,17.745666,3073.6,25.6,False,159.8,-8.448,130.67,0.416,0.15221,20.209,15.777
4caa57,RYR24NN,,,1781598374,59.042673,17.746868,3065.2,25.6,False,159.13,-8.388,130.15,0.4142,0.15227,20.361,15.863
4caa57,RYR24NN,,,1781598375,59.043963,17.748049,3056.9,25.2,False,158.47,-8.329,129.64,0.4123,0.15234,20.513,15.948
4caa57,RYR24NN,,,1781598376,59.045244,17.749236,3048.6,25.5,False,157.81,-8.271,129.13,0.4105,0.1524,20.666,16.033
4caa57,RYR24NN,,,1781598377,59.046517,17.750426,3040.4,25.7,False,157.15,-8.214,128.61,0.4087,0.15246,20.818,16.118
4caa57,RYR24NN,,,1781598378,59.047799,17.75158,3032.2,24.8,False,157.08,-8.21,128.61,0.4085,0.15255,20.971,16.203
4caa57,RYR24NN,,,1781598379,59.04907,17.752777,3024.0,25.9,False,157.0,-8.205,128.61,0.4083,0.15264,21.123,16.288
4caa57,RYR24NN,,,1781598380,59.050341,17.753971,3015.8,25.8,False,156.93,-8.201,128.61,0.4081,0.15273,21.276,16.373
4caa57,RYR24NN,,,1781598381,59.05162,17.755127,3007.6,24.9,False,156.86,-8.197,128.61,0.4079,0.15282,21.429,16.457
4caa57,RYR24NN,,,1781598382,59.052893,17.756307,2999.4,25.5,False,156.78,-8.192,128.61,0.4077,0.15291,21.582,16.542
4caa57,RYR24NN,,,1781598383,59.054164,17.757491,2991.2,25.6,False,156.71,-8.188,128.61,0.4075,0.153,21.735,16.627
4caa57,RYR24NN,,,1781598384,59.055436,17.758666,2983.0,25.4,False,156.64,-8.183,128.61,0.4073,0.15309,21.888,16.711
4caa57,RYR24NN,,,1781598385,59.056708,17.759842,2974.8,25.4,False,156.56,-8.179,128.61,0.4071,0.15318,22.041,16.796
4caa57,RYR24NN,,,1781598386,59.05798,17.761012,2966.7,25.3,False,156.49,-8.175,128.61,0.4069,0.15327,22.194,16.88
4caa57,RYR24NN,,,1781598387,59.059257,17.762161,2958.5,24.8,False,156.42,-8.17,128.61,0.4067,0.15336,22.348,16.965
4caa57,RYR24NN,,,1781598388,59.060523,17.76335,2950.3,25.8,False,156.34,-8.166,128.61,0.4065,0.15345,22.501,17.049
4caa57,RYR24NN,,,1781598389,59.061785,17.764552,2942.2,26.1,False,156.27,-8.161,128.61,0.4063,0.15354,22.655,17.133
4caa57,RYR24NN,,,1781598390,59.063059,17.765703,2934.0,24.9,False,156.2,-8.157,128.61,0.4061,0.15363,22.808,17.218
4caa57,RYR24NN,,,1781598391,59.064326,17.766882,2925.9,25.6,False,156.13,-8.153,128.61,0.4059,0.15372,22.962,17.302
4caa57,RYR24NN,,,1781598392,59.065591,17.768061,2917.7,25.6,False,156.05,-8.148,128.61,0.4057,0.15381,23.116,17.386
4caa57,RYR24NN,,,1781598393,59.066871,17.769177,2909.6,24.1,False,155.98,-8.144,128.61,0.4055,0.1539,23.27,17.471
4caa57,RYR24NN,,,1781598394,59.068138,17.770344,2901.4,25.3,False,155.91,-8.14,128.61,0.4053,0.15399,23.424,17.555
4caa57,RYR24NN,,,1781598395,59.069404,17.771514,2893.3,25.4,False,155.84,-8.135,128.61,0.4051,0.15408,23.578,17.639
4caa57,RYR24NN,,,1781598396,59.070665,17.7727,2885.2,25.8,False,155.76,-8.131,128.61,0.4049,0.15416,23.732,17.723
4caa57,RYR24NN,,,1781598397,59.071927,17.773878,2877.0,25.6,False,155.69,-8.127,128.61,0.4047,0.15425,23.886,17.807
4caa57,RYR24NN,,,1781598398,59.073193,17.77504,2868.9,25.3,False,155.62,-8.122,128.61,0.4045,0.15434,24.04,17.891
4caa57,RYR24NN,,,1781598399,59.074456,17.776209,2860.8,25.4,False,155.55,-8.118,128.61,0.4043,0.15443,24.195,17.975
4caa57,RYR24NN,,,1781598400,59.075724,17.777355,2852.7,24.9,False,155.48,-8.114,128.61,0.4041,0.15452,24.349,18.059
4caa57,RYR24NN,,,1781598401,59.076991,17.778502,2844.6,25.0,False,155.4,-8.11,128.61,0.4039,0.15461,24.504,18.143
4caa57,RYR24NN,,,1781598402,59.078252,17.779672,2836.5,25.5,False,155.33,-8.105,128.61,0.4037,0.1547,24.659,18.227
4caa57,RYR24NN,,,1781598403,59.079515,17.780834,2828.4,25.3,False,155.26,-8.101,128.61,0.4035,0.15479,24.814,18.311
4caa57,RYR24NN,,,1781598404,59.080774,17.782003,2820.3,25.5,False,155.19,-8.097,128.61,0.4033,0.15488,24.968,18.394
4caa57,RYR24NN,,,1781598405,59.082039,17.783149,2812.2,25.0,False,155.12,-8.093,128.61,0.4031,0.15497,25.123,18.478
4caa57,RYR24NN,,,1781598406,59.08329,17.784349,2804.1,26.2,False,155.05,-8.088,128.61,0.4029,0.15506,25.278,18.562
4caa57,RYR24NN,,,1781598407,59.084556,17.785479,2796.0,24.6,False,154.97,-8.084,128.61,0.4027,0.15514,25.434,18.646
4caa57,RYR24NN,,,1781598408,59.08581,17.786663,2787.9,25.9,False,154.9,-8.08,128.61,0.4025,0.15523,25.589,18.729
4caa57,RYR24NN,,,1781598409,59.08707,17.787814,2779.8,25.1,False,154.83,-8.076,128.61,0.4023,0.15532,25.744,18.813
4caa57,RYR24NN,,,1781598410,59.088335,17.788945,2771.8,24.7,False,154.76,-8.071,128.61,0.4021,0.15541,25.9,18.896
4caa57,RYR24NN,,,1781598411,59.08959,17.790115,2763.7,25.6,False,154.69,-8.067,128.61,0.4019,0.1555,26.055,18.98
4caa57,RYR24NN,,,1781598412,59.090836,17.791315,2755.6,26.3,False,154.62,-8.063,128.61,0.4017,0.15559,26.211,19.063
4caa57,RYR24NN,,,1781598413,59.092095,17.792461,2747.6,25.1,False,154.55,-8.059,128.61,0.4015,0.15568,26.366,19.147
4caa57,RYR24NN,,,1781598414,59.093365,17.793557,2739.5,23.9,False,154.48,-8.055,128.61,0.4014,0.15577,26.522,19.23
4caa57,RYR24NN,,,1781598415,59.094651,17.794637,2731.4,23.3,False,155.74,-8.09,128.61,0.4024,0.15476,26.677,19.314
4caa57,RYR24NN,,,1781598416,59.095933,17.795732,2723.3,23.7,False,155.66,-8.086,128.61,0.4022,0.15485,26.832,19.398
4caa57,RYR24NN,,,1781598417,59.097231,17.796749,2715.3,21.9,False,155.59,-8.082,128.61,0.402,0.15493,26.987,19.482
4caa57,RYR24NN,,,1781598418,59.098544,17.797685,2707.2,20.1,False,155.52,-8.078,128.61,0.4018,0.15502,27.142,19.566
4caa57,RYR24NN,,,1781598419,59.099862,17.798593,2699.1,19.5,False,155.45,-8.073,128.61,0.4016,0.15511,27.297,19.65
4caa57,RYR24NN,,,1781598420,59.101202,17.799365,2691.0,16.5,False,155.38,-8.069,128.61,0.4014,0.1552,27.452,19.734
4caa57,RYR24NN,,,1781598421,59.102547,17.800099,2683.0,15.6,False,155.31,-8.065,128.61,0.4012,0.15529,27.607,19.818
4caa57,RYR24NN,,,1781598422,59.103897,17.800783,2674.9,14.6,False,155.24,-8.061,128.61,0.401,0.15538,27.763,19.902
4caa57,RYR24NN,,,1781598423,59.105258,17.801381,2666.9,12.7,False,155.17,-8.057,128.61,0.4008,0.15547,27.918,19.986
4caa57,RYR24NN,,,1781598424,59.10662,17.801966,2658.8,12.4,False,155.1,-8.052,128.61,0.4006,0.15555,28.074,20.069
4caa57,RYR24NN,,,1781598425,59.107993,17.80244,2650.8,10.1,False,155.03,-8.048,128.61,0.4005,0.15564,28.229,20.153
4caa57,RYR24NN,,,1781598426,59.109367,17.802891,2642.7,9.6,False,154.95,-8.044,128.61,0.4003,0.15573,28.385,20.237
4caa57,RYR24NN,,,1781598427,59.110742,17.803317,2634.7,9.0,False,154.88,-8.04,128.61,0.4001,0.15582,28.541,20.32
4caa57,RYR24NN,,,1781598428,59.112121,17.803689,2626.6,7.9,False,154.81,-8.036,128.61,0.3999,0.15591,28.697,20.404
4caa57,RYR24NN,,,1781598429,59.113501,17.804038,2618.6,7.4,False,154.74,-8.032,128.61,0.3997,0.156,28.853,20.488
4caa57,RYR24NN,,,1781598430,59.11488,17.804389,2610.6,7.5,False,154.67,-8.027,128.61,0.3995,0.15608,29.009,20.571
4caa57,RYR24NN,,,1781598431,59.116257,17.804771,2602.6,8.1,False,154.6,-8.023,128.61,0.3993,0.15617,29.165,20.655
4caa57,RYR24NN,,,1781598432,59.117636,17.805094,2594.5,6.8,False,154.53,-8.019,128.61,0.3991,0.15626,29.321,20.738
4caa57,RYR24NN,,,1781598433,59.119012,17.805476,2586.5,8.1,False,154.46,-8.015,128.61,0.3989,0.15635,29.478,20.821
4caa57,RYR24NN,,,1781598434,59.120388,17.805832,2578.5,7.6,False,154.39,-8.011,128.61,0.3987,0.15644,29.634,20.905
4caa57,RYR24NN,,,1781598435,59.121767,17.806132,2570.5,6.4,False,154.32,-8.007,128.61,0.3985,0.15653,29.791,20.988
4caa57,RYR24NN,,,1781598436,59.123143,17.806479,2562.5,7.4,False,154.25,-8.003,128.61,0.3983,0.15661,29.947,21.071
4caa57,RYR24NN,,,1781598437,59.124517,17.80683,2554.5,7.5,False,154.18,-7.999,128.61,0.3981,0.1567,30.104,21.155
4caa57,RYR24NN,,,1781598438,59.125894,17.807131,2546.5,6.4,False,154.11,-7.994,128.61,0.398,0.15679,30.261,21.238
4caa57,RYR24NN,,,1781598439,59.127268,17.807475,2538.5,7.3,False,154.04,-7.99,128.61,0.3978,0.15688,30.418,21.321
4caa57,RYR24NN,,,1781598440,59.128642,17.807822,2530.5,7.4,False,153.97,-7.986,128.61,0.3976,0.15697,30.574,21.404
4caa57,RYR24NN,,,1781598441,59.130012,17.808199,2522.6,8.0,False,153.91,-7.982,128.61,0.3974,0.15705,30.732,21.487
4caa57,RYR24NN,,,1781598442,59.131386,17.808516,2514.6,6.8,False,153.84,-7.978,128.61,0.3972,0.15714,30.889,21.57
4caa57,RYR24NN,,,1781598443,59.132759,17.808833,2506.6,6.7,False,153.77,-7.974,128.61,0.397,0.15723,31.046,21.653
4caa57,RYR24NN,,,1781598444,59.134132,17.809149,2498.6,6.7,False,153.7,-7.97,128.61,0.3968,0.15732,31.203,21.736
4caa57,RYR24NN,,,1781598445,59.135498,17.809551,2490.7,8.6,False,153.63,-7.966,128.61,0.3966,0.1574,31.361,21.819
4caa57,RYR24NN,,,1781598446,59.136872,17.809819,2482.7,5.7,False,153.56,-7.962,128.61,0.3964,0.15749,31.518,21.902
4caa57,RYR24NN,,,1781598447,59.138238,17.810205,2474.7,8.2,False,153.49,-7.958,128.61,0.3962,0.15758,31.676,21.985
4caa57,RYR24NN,,,1781598448,59.139608,17.810524,2466.8,6.8,False,153.42,-7.954,128.61,0.3961,0.15767,31.833,22.068
4caa57,RYR24NN,,,1781598449,59.140979,17.810803,2458.8,5.9,False,153.35,-7.95,128.61,0.3959,0.15776,31.991,22.151
4caa57,RYR24NN,,,1781598450,59.142345,17.811174,2450.9,7.9,False,153.28,-7.946,128.61,0.3957,0.15784,32.149,22.234
4caa57,RYR24NN,,,1781598451,59.143709,17.811542,2443.0,7.9,False,153.22,-7.942,128.61,0.3955,0.15793,32.307,22.316
4caa57,RYR24NN,,,1781598452,59.145077,17.81185,2435.0,6.6,False,153.15,-7.938,128.61,0.3953,0.15802,32.465,22.399
4caa57,RYR24NN,,,1781598453,59.146444,17.812168,2427.1,6.8,False,153.08,-7.934,128.61,0.3951,0.15811,32.623,22.482
4caa57,RYR24NN,,,1781598454,59.147811,17.812476,2419.2,6.6,False,153.01,-7.93,128.61,0.3949,0.15819,32.781,22.564
4caa57,RYR24NN,,,1781598455,59.149175,17.812824,2411.2,7.5,False,152.94,-7.926,128.61,0.3947,0.15828,32.94,22.647
4caa57,RYR24NN,,,1781598456,59.15054,17.813152,2403.3,7.0,False,152.87,-7.922,128.61,0.3946,0.15837,33.098,22.729
4caa57,RYR24NN,,,1781598457,59.151901,17.813516,2395.4,7.8,False,152.81,-7.918,128.61,0.3944,0.15846,33.256,22.812
4caa57,RYR24NN,,,1781598458,59.153268,17.813773,2387.5,5.5,False,152.74,-7.914,128.61,0.3942,0.15854,33.415,22.894
4caa57,RYR24NN,,,1781598459,59.154628,17.81415,2379.6,8.1,False,152.67,-7.91,128.61,0.394,0.15863,33.573,22.977
4caa57,RYR24NN,,,1781598460,59.155993,17.814413,2371.7,5.7,False,152.6,-7.906,128.61,0.3938,0.15872,33.732,23.059
4caa57,RYR24NN,,,1781598461,59.157353,17.814756,2363.8,7.4,False,152.53,-7.902,128.61,0.3936,0.1588,33.891,23.142
4caa57,RYR24NN,,,1781598462,59.158718,17.814996,2355.9,5.2,False,152.47,-7.898,128.61,0.3934,0.15889,34.05,23.224
4caa57,RYR24NN,,,1781598463,59.160082,17.81526,2348.0,5.7,False,152.4,-7.894,128.61,0.3932,0.15898,34.209,23.306
4caa57,RYR24NN,,,1781598464,59.161448,17.815451,2340.1,4.1,False,152.33,-7.89,128.61,0.3931,0.15907,34.368,23.388
4caa57,RYR24NN,,,1781598465,59.162814,17.815632,2332.2,3.9,False,152.26,-7.886,128.61,0.3929,0.15915,34.527,23.471
4caa57,RYR24NN,,,1781598466,59.164182,17.81573,2324.3,2.1,False,152.2,-7.882,128.61,0.3927,0.15924,34.686,23.553
4caa57,RYR24NN,,,1781598467,59.16555,17.815782,2316.4,1.1,False,152.13,-7.878,128.61,0.3925,0.15933,34.846,23.635
4caa57,RYR24NN,,,1781598468,59.166917,17.815757,2308.6,359.5,False,152.06,-7.874,128.61,0.3923,0.15941,35.005,23.717
4caa57,RYR24NN,,,1781598469,59.168284,17.815699,2300.7,358.7,False,151.99,-7.87,128.61,0.3921,0.1595,35.165,23.799
4caa57,RYR24NN,,,1781598470,59.169647,17.815539,2292.8,356.6,False,151.93,-7.866,128.61,0.392,0.15959,35.324,23.881
4caa57,RYR24NN,,,1781598471,59.171011,17.815406,2285.0,357.1,False,151.86,-7.863,128.61,0.3918,0.15967,35.484,23.963
4caa57,RYR24NN,,,1781598472,59.172374,17.815256,2277.1,356.8,False,151.79,-7.859,128.61,0.3916,0.15976,35.644,24.045
4caa57,RYR24NN,,,1781598473,59.173736,17.815092,2269.2,356.5,False,151.73,-7.855,128.61,0.3914,0.15985,35.803,24.127
4caa57,RYR24NN,,,1781598474,59.175097,17.814926,2261.4,356.4,False,151.66,-7.851,128.61,0.3912,0.15994,35.963,24.209
4caa57,RYR24NN,,,1781598475,59.176458,17.814753,2253.5,356.3,False,151.59,-7.847,128.61,0.391,0.16002,36.123,24.291
4caa57,RYR24NN,,,1781598476,59.177819,17.814624,2245.7,357.2,False,151.53,-7.843,128.61,0.3909,0.16011,36.284,24.373
4caa57,RYR24NN,,,1781598477,59.179178,17.814443,2237.9,356.1,False,151.46,-7.839,128.61,0.3907,0.1602,36.444,24.454
4caa57,RYR24NN,,,1781598478,59.180535,17.814236,2230.0,355.5,False,151.39,-7.835,128.61,0.3905,0.16028,36.604,24.536
4caa57,RYR24NN,,,1781598479,59.181892,17.81404,2222.2,355.8,False,151.33,-7.832,128.61,0.3903,0.16037,36.764,24.618
4caa57,RYR24NN,,,1781598480,59.18325,17.813888,2214.4,356.7,False,151.26,-7.828,128.61,0.3901,0.16045,36.925,24.7
4caa57,RYR24NN,,,1781598481,59.184605,17.813678,2206.5,355.5,False,151.19,-7.824,128.61,0.3899,0.16054,37.085,24.781
4caa57,RYR24NN,,,1781598482,59.185978,17.813485,2198.7,355.9,False,153.0,-7.853,128.61,0.3908,0.15968,37.245,24.864
4caa57,RYR24NN,,,1781598483,59.187353,17.81335,2190.8,357.1,False,153.16,-7.849,128.61,0.3906,0.15977,37.405,24.947
4caa57,RYR24NN,,,1781598484,59.188727,17.813175,2183.0,356.3,False,153.09,-7.845,128.61,0.3904,0.15985,37.565,25.029
4caa57,RYR24NN,,,1781598485,59.190098,17.812953,2175.2,355.3,False,153.03,-7.841,128.61,0.3902,0.15994,37.725,25.112
4caa57,RYR24NN,,,1781598486,59.191471,17.812774,2167.3,356.2,False,152.96,-7.837,128.61,0.39,0.16003,37.885,25.194
4caa57,RYR24NN,,,1781598487,59.192844,17.812621,2159.5,356.7,False,152.89,-7.833,128.61,0.3899,0.16011,38.045,25.277
4caa57,RYR24NN,,,1781598488,59.194215,17.812438,2151.7,356.1,False,152.83,-7.829,128.61,0.3897,0.1602,38.205,25.359
4caa57,RYR24NN,,,1781598489,59.195584,17.812226,2143.8,355.5,False,152.76,-7.825,128.61,0.3895,0.16029,38.365,25.442
4caa57,RYR24NN,,,1781598490,59.196953,17.812017,2136.0,355.5,False,152.7,-7.822,128.61,0.3893,0.16037,38.526,25.524
4caa57,RYR24NN,,,1781598491,59.198324,17.811863,2128.2,356.7,False,152.63,-7.818,128.61,0.3891,0.16046,38.686,25.607
4caa57,RYR24NN,,,1781598492,59.199692,17.811666,2120.4,355.8,False,152.56,-7.814,128.61,0.389,0.16054,38.847,25.689
4caa57,RYR24NN,,,1781598493,59.201061,17.811506,2112.6,356.6,False,152.5,-7.81,128.61,0.3888,0.16063,39.007,25.772
4caa57,RYR24NN,,,1781598494,59.202429,17.811346,2104.8,356.6,False,152.43,-7.806,128.61,0.3886,0.16072,39.168,25.854
4caa57,RYR24NN,,,1781598495,59.203796,17.811154,2097.0,355.9,False,152.36,-7.803,128.61,0.3884,0.1608,39.329,25.936
4caa57,RYR24NN,,,1781598496,59.205163,17.810978,2089.2,356.2,False,152.3,-7.799,128.61,0.3882,0.16089,39.49,26.018
4caa57,RYR24NN,,,1781598497,59.206529,17.810815,2081.4,356.5,False,152.23,-7.795,128.61,0.3881,0.16097,39.651,26.101
4caa57,RYR24NN,,,1781598498,59.207895,17.810642,2073.6,356.3,False,152.17,-7.791,128.61,0.3879,0.16106,39.812,26.183
4caa57,RYR24NN,,,1781598499,59.20926,17.810475,2065.8,356.4,False,152.1,-7.787,128.61,0.3877,0.16115,39.973,26.265
4caa57,RYR24NN,,,1781598500,59.210624,17.810299,2058.0,356.2,False,152.04,-7.784,128.61,0.3875,0.16123,40.134,26.347
4caa57,RYR24NN,,,1781598501,59.211988,17.810118,2050.2,356.1,False,151.97,-7.78,128.61,0.3873,0.16132,40.295,26.429
4caa57,RYR24NN,,,1781598502,59.213352,17.809973,2042.4,356.9,False,151.91,-7.776,128.61,0.3872,0.1614,40.457,26.511
4caa57,RYR24NN,,,1781598503,59.214715,17.80983,2034.7,356.9,False,151.84,-7.772,128.61,0.387,0.16149,40.618,26.593
4caa57,RYR24NN,,,1781598504,59.216077,17.80964,2026.9,355.9,False,151.77,-7.769,128.61,0.3868,0.16157,40.78,26.675
4caa57,RYR24NN,,,1781598505,59.217438,17.809477,2019.1,356.5,False,151.71,-7.765,128.61,0.3866,0.16166,40.941,26.757
4caa57,RYR24NN,,,1781598506,59.2188,17.809334,2011.4,356.9,False,151.64,-7.761,128.61,0.3864,0.16174,41.103,26.839
4caa57,RYR24NN,,,1781598507,59.22016,17.809146,2003.6,355.9,False,151.58,-7.757,128.61,0.3863,0.16183,41.265,26.921
4caa57,RYR24NN,,,1781598508,59.22152,17.808994,1995.9,356.7,False,151.51,-7.754,128.61,0.3861,0.16192,41.427,27.002
4caa57,RYR24NN,,,1781598509,59.222879,17.808815,1988.1,356.1,False,151.45,-7.75,128.61,0.3859,0.162,41.589,27.084
4caa57,RYR24NN,,,1781598510,59.224238,17.808676,1980.4,357.0,False,151.38,-7.746,128.61,0.3857,0.16209,41.751,27.166
4caa57,RYR24NN,,,1781598511,59.225594,17.808451,1972.6,355.2,False,151.32,-7.743,128.61,0.3856,0.16217,41.913,27.248
4caa57,RYR24NN,,,1781598512,59.226951,17.808288,1964.9,356.5,False,151.25,-7.739,128.61,0.3854,0.16226,42.075,27.329
4caa57,RYR24NN,,,1781598513,59.228307,17.808089,1957.2,355.7,False,151.19,-7.735,128.61,0.3852,0.16234,42.238,27.411
4caa57,RYR24NN,,,1781598514,59.229662,17.807884,1949.4,355.6,False,151.13,-7.731,128.61,0.385,0.16243,42.4,27.493
4caa57,RYR24NN,,,1781598515,59.231017,17.807698,1941.7,356.0,False,151.06,-7.728,128.61,0.3848,0.16251,42.563,27.574
4caa57,RYR24NN,,,1781598516,59.232372,17.807515,1934.0,356.1,False,151.0,-7.724,128.61,0.3847,0.1626,42.725,27.656
4caa57,RYR24NN,,,1781598517,59.233728,17.807386,1926.3,357.2,False,150.93,-7.72,128.61,0.3845,0.16268,42.888,27.737
4caa57,RYR24NN,,,1781598518,59.23508,17.807167,1918.5,355.3,False,150.87,-7.717,128.61,0.3843,0.16277,43.051,27.819
4caa57,RYR24NN,,,1781598519,59.236432,17.806983,1910.8,356.0,False,150.8,-7.713,128.61,0.3841,0.16285,43.214,27.9
4caa57,RYR24NN,,,1781598520,59.237783,17.806756,1903.1,355.1,False,150.74,-7.709,128.61,0.384,0.16294,43.377,27.981
4caa57,RYR24NN,,,1781598521,59.239134,17.806546,1895.4,355.4,False,150.68,-7.706,128.61,0.3838,0.16302,43.54,28.063
4caa57,RYR24NN,,,1781598522,59.240486,17.806407,1887.7,357.0,False,150.61,-7.702,128.61,0.3836,0.16311,43.703,28.144
4caa57,RYR24NN,,,1781598523,59.241836,17.806201,1880.0,355.5,False,150.55,-7.698,128.61,0.3834,0.16319,43.866,28.225
4caa57,RYR24NN,,,1781598524,59.243183,17.805954,1872.3,354.6,False,150.48,-7.695,128.61,0.3833,0.16327,44.029,28.307
4caa57,RYR24NN,,,1781598525,59.244533,17.805779,1864.6,356.2,False,150.42,-7.691,128.61,0.3831,0.16336,44.193,28.388
4caa57,RYR24NN,,,1781598526,59.245882,17.805593,1856.9,355.9,False,150.36,-7.688,128.61,0.3829,0.16344,44.356,28.469
4caa57,RYR24NN,,,1781598527,59.247228,17.805363,1849.2,355.0,False,150.29,-7.684,128.61,0.3827,0.16353,44.52,28.55
4caa57,RYR24NN,,,1781598528,59.248574,17.805126,1841.6,354.8,False,150.23,-7.68,128.61,0.3826,0.16361,44.683,28.631
4caa57,RYR24NN,,,1781598529,59.24992,17.804931,1833.9,355.8,False,150.16,-7.677,128.61,0.3824,0.1637,44.847,28.712
4caa57,RYR24NN,,,1781598530,59.251116,17.804725,1827.3,355.0,False,133.46,-6.62,113.18,0.3367,0.16269,45.01,28.784
4caa57,RYR24NN,,,1781598531,59.252312,17.804532,1820.7,355.3,False,133.41,-6.617,113.18,0.3365,0.16276,45.172,28.857
4caa57,RYR24NN,,,1781598532,59.253509,17.804389,1814.0,356.5,False,133.36,-6.614,113.18,0.3364,0.16283,45.335,28.929
4caa57,RYR24NN,,,1781598533,59.254701,17.804169,1807.4,354.6,False,133.31,-6.612,113.18,0.3363,0.16291,45.498,29.0
4caa57,RYR24NN,,,1781598534,59.255897,17.804016,1800.8,356.3,False,133.27,-6.609,113.18,0.3362,0.16298,45.661,29.072
4caa57,RYR24NN,,,1781598535,59.257091,17.803819,1794.2,355.2,False,133.22,-6.606,113.18,0.336,0.16305,45.824,29.144
4caa57,RYR24NN,,,1781598536,59.258284,17.80361,1787.6,354.9,False,133.17,-6.604,113.18,0.3359,0.16312,45.987,29.216
4caa57,RYR24NN,,,1781598537,59.259476,17.803395,1781.0,354.7,False,133.12,-6.601,113.18,0.3358,0.16319,46.15,29.288
4caa57,RYR24NN,,,1781598538,59.260668,17.803192,1774.4,355.0,False,133.07,-6.598,113.18,0.3356,0.16326,46.314,29.36
4caa57,RYR24NN,,,1781598539,59.261859,17.802979,1767.8,354.8,False,133.02,-6.596,113.18,0.3355,0.16333,46.477,29.432
4caa57,RYR24NN,,,1781598540,59.263051,17.802783,1761.2,355.2,False,132.98,-6.593,113.18,0.3354,0.1634,46.64,29.504
4caa57,RYR24NN,,,1781598541,59.264242,17.802579,1754.6,355.0,False,132.93,-6.59,113.18,0.3352,0.16347,46.804,29.575
4caa57,RYR24NN,,,1781598542,59.265433,17.802389,1748.0,355.3,False,132.88,-6.588,113.18,0.3351,0.16354,46.967,29.647
4caa57,RYR24NN,,,1781598543,59.266624,17.802225,1741.5,356.0,False,132.83,-6.585,113.18,0.335,0.16361,47.131,29.719
4caa57,RYR24NN,,,1781598544,59.267815,17.802042,1734.9,355.5,False,132.78,-6.582,113.18,0.3348,0.16368,47.295,29.791
4caa57,RYR24NN,,,1781598545,59.269004,17.801843,1728.3,355.1,False,132.73,-6.58,113.18,0.3347,0.16375,47.458,29.862
4caa57,RYR24NN,,,1781598546,59.270193,17.801653,1721.7,355.3,False,132.69,-6.577,113.18,0.3346,0.16382,47.622,29.934
4caa57,RYR24NN,,,1781598547,59.271381,17.801446,1715.1,354.9,False,132.64,-6.574,113.18,0.3344,0.16389,47.786,30.006
4caa57,RYR24NN,,,1781598548,59.272571,17.801282,1708.6,355.9,False,132.59,-6.572,113.18,0.3343,0.16396,47.95,30.077
4caa57,RYR24NN,,,1781598549,59.273759,17.801101,1702.0,355.6,False,132.54,-6.569,113.18,0.3342,0.16403,48.114,30.149
4caa57,RYR24NN,,,1781598550,59.274967,17.8009,1695.4,355.1,False,134.78,-6.606,113.18,0.3349,0.16318,48.277,30.221
4caa57,RYR24NN,,,1781598551,59.276177,17.800786,1688.8,357.2,False,134.73,-6.603,113.18,0.3348,0.16325,48.441,30.294
4caa57,RYR24NN,,,1781598552,59.27738,17.800535,1682.2,353.9,False,134.68,-6.601,113.18,0.3347,0.16332,48.604,30.367
4caa57,RYR24NN,,,1781598553,59.278589,17.80038,1675.6,356.2,False,134.63,-6.598,113.18,0.3345,0.16339,48.767,30.44
4caa57,RYR24NN,,,1781598554,59.279795,17.800192,1669.0,355.4,False,134.59,-6.595,113.18,0.3344,0.16346,48.931,30.512
4caa57,RYR24NN,,,1781598555,59.281002,17.800024,1662.4,355.9,False,134.54,-6.593,113.18,0.3343,0.16353,49.094,30.585
4caa57,RYR24NN,,,1781598556,59.282209,17.799885,1655.8,356.6,False,134.49,-6.59,113.18,0.3341,0.1636,49.258,30.658
4caa57,RYR24NN,,,1781598557,59.283415,17.7997,1649.2,355.5,False,134.44,-6.587,113.18,0.334,0.16367,49.422,30.73
4caa57,RYR24NN,,,1781598558,59.284619,17.799494,1642.6,355.0,False,134.39,-6.585,113.18,0.3339,0.16374,49.585,30.803
4caa57,RYR24NN,,,1781598559,59.285822,17.799287,1636.1,355.0,False,134.35,-6.582,113.18,0.3337,0.16381,49.749,30.875
4caa57,RYR24NN,,,1781598560,59.287027,17.799115,1629.5,355.8,False,134.3,-6.579,113.18,0.3336,0.16388,49.913,30.948
4caa57,RYR24NN,,,1781598561,59.288233,17.799003,1622.9,357.3,False,134.25,-6.577,113.18,0.3335,0.16395,50.077,31.02
4caa57,RYR24NN,,,1781598562,59.289435,17.798797,1616.3,355.0,False,134.2,-6.574,113.18,0.3333,0.16402,50.241,31.093
4caa57,RYR24NN,,,1781598563,59.290637,17.798601,1609.8,355.2,False,134.15,-6.571,113.18,0.3332,0.16409,50.405,31.165
4caa57,RYR24NN,,,1781598564,59.29184,17.79843,1603.2,355.8,False,134.11,-6.569,113.18,0.3331,0.16416,50.569,31.238
4caa57,RYR24NN,,,1781598565,59.293043,17.798284,1596.6,356.5,False,134.06,-6.566,113.18,0.333,0.16423,50.733,31.31
4caa57,RYR24NN,,,1781598566,59.294246,17.798126,1590.1,356.2,False,134.01,-6.563,113.18,0.3328,0.1643,50.898,31.382
4caa57,RYR24NN,,,1781598567,59.295449,17.798001,1583.5,357.0,False,133.96,-6.561,113.18,0.3327,0.16437,51.062,31.455
4caa57,RYR24NN,,,1781598568,59.29665,17.797831,1576.9,355.9,False,133.92,-6.558,113.18,0.3326,0.16444,51.226,31.527
4caa57,RYR24NN,,,1781598569,59.297852,17.797727,1570.4,357.5,False,133.87,-6.555,113.18,0.3324,0.16451,51.391,31.599
4caa57,RYR24NN,,,1781598570,59.299055,17.797645,1563.8,358.0,False,133.82,-6.553,113.18,0.3323,0.16458,51.556,31.672
4caa57,RYR24NN,,,1781598571,59.300258,17.797572,1557.3,358.2,False,133.77,-6.55,113.18,0.3322,0.16465,51.72,31.744
4caa57,RYR24NN,,,1781598572,59.30146,17.797567,1550.7,359.9,False,133.73,-6.547,113.18,0.332,0.16472,51.885,31.816
4caa57,RYR24NN,,,1781598573,59.302662,17.797567,1544.2,0.0,False,133.68,-6.545,113.18,0.3319,0.16479,52.05,31.888
4caa57,RYR24NN,,,1781598574,59.303864,17.797583,1537.7,0.4,False,133.63,-6.542,113.18,0.3318,0.16485,52.215,31.96
4caa57,RYR24NN,,,1781598575,59.305064,17.797666,1531.1,2.0,False,133.58,-6.54,113.18,0.3317,0.16492,52.379,32.032
4caa57,RYR24NN,,,1781598576,59.306265,17.797719,1524.6,1.3,False,133.54,-6.537,113.18,0.3315,0.16499,52.544,32.105
4caa57,RYR24NN,,,1781598577,59.307464,17.797819,1518.0,2.4,False,133.49,-6.534,113.18,0.3314,0.16506,52.71,32.177
4caa57,RYR24NN,,,1781598578,59.308661,17.797979,1511.5,3.9,False,133.44,-6.532,113.18,0.3313,0.16513,52.875,32.249
4caa57,RYR24NN,,,1781598579,59.309858,17.798146,1505.0,4.1,False,133.4,-6.529,113.18,0.3311,0.1652,53.04,32.321
4caa57,RYR24NN,,,1781598580,59.311054,17.798307,1498.5,3.9,False,133.35,-6.527,113.18,0.331,0.16527,53.205,32.393
4caa57,RYR24NN,,,1781598581,59.312249,17.798495,1491.9,4.6,False,133.3,-6.524,113.18,0.3309,0.16534,53.37,32.465
4caa57,RYR24NN,,,1781598582,59.313441,17.798737,1485.4,5.9,False,133.25,-6.521,113.18,0.3308,0.16541,53.536,32.537
4caa57,RYR24NN,,,1781598583,59.314632,17.799,1478.9,6.4,False,133.21,-6.519,113.18,0.3306,0.16547,53.701,32.609
4caa57,RYR24NN,,,1781598584,59.315823,17.799241,1472.4,5.9,False,133.16,-6.516,113.18,0.3305,0.16554,53.867,32.68
4caa57,RYR24NN,,,1781598585,59.317014,17.79948,1465.9,5.9,False,133.11,-6.514,113.18,0.3304,0.16561,54.033,32.752
4caa57,RYR24NN,,,1781598586,59.318199,17.799804,1459.4,7.9,False,133.07,-6.511,113.18,0.3302,0.16568,54.198,32.824
4caa57,RYR24NN,,,1781598587,59.319384,17.800114,1452.8,7.6,False,133.02,-6.508,113.18,0.3301,0.16575,54.364,32.896
4caa57,RYR24NN,,,1781598588,59.32057,17.800424,1446.3,7.6,False,132.97,-6.506,113.18,0.33,0.16582,54.53,32.968
4caa57,RYR24NN,,,1781598589,59.321753,17.800754,1439.8,8.1,False,132.93,-6.503,113.18,0.3299,0.16589,54.696,33.04
4caa57,RYR24NN,,,1781598590,59.322935,17.801095,1433.3,8.4,False,132.88,-6.501,113.18,0.3297,0.16595,54.862,33.111
4caa57,RYR24NN,,,1781598591,59.324118,17.801427,1426.8,8.1,False,132.83,-6.498,113.18,0.3296,0.16602,55.028,33.183
4caa57,RYR24NN,,,1781598592,59.325297,17.801792,1420.3,9.0,False,132.79,-6.495,113.18,0.3295,0.16609,55.194,33.255
4caa57,RYR24NN,,,1781598593,59.326477,17.802148,1413.8,8.7,False,132.74,-6.493,113.18,0.3294,0.16616,55.36,33.326
4caa57,RYR24NN,,,1781598594,59.327655,17.802522,1407.4,9.2,False,132.69,-6.49,113.18,0.3292,0.16623,55.526,33.398
4caa57,RYR24NN,,,1781598595,59.328835,17.80287,1400.9,8.6,False,132.65,-6.488,113.18,0.3291,0.16629,55.692,33.47
4caa57,RYR24NN,,,1781598596,59.330011,17.803248,1394.4,9.3,False,132.6,-6.485,113.18,0.329,0.16636,55.859,33.541
4caa57,RYR24NN,,,1781598597,59.33119,17.8036,1387.9,8.7,False,132.56,-6.483,113.18,0.3288,0.16643,56.025,33.613
4caa57,RYR24NN,,,1781598598,59.332367,17.803965,1381.4,9.0,False,132.51,-6.48,113.18,0.3287,0.1665,56.192,33.684
4caa57,RYR24NN,,,1781598599,59.333542,17.804346,1374.9,9.4,False,132.46,-6.477,113.18,0.3286,0.16657,56.358,33.756
4caa57,RYR24NN,,,1781598600,59.334713,17.804769,1368.5,10.4,False,132.42,-6.475,113.18,0.3285,0.16663,56.525,33.827
4caa57,RYR24NN,,,1781598601,59.33589,17.805118,1362.0,8.6,False,132.37,-6.472,113.18,0.3283,0.1667,56.692,33.899
4caa57,RYR24NN,,,1781598602,59.337064,17.805497,1355.5,9.3,False,132.32,-6.47,113.18,0.3282,0.16677,56.858,33.97
4caa57,RYR24NN,,,1781598603,59.338238,17.805878,1349.1,9.4,False,132.28,-6.467,113.18,0.3281,0.16684,57.025,34.042
4caa57,RYR24NN,,,1781598604,59.339405,17.806324,1342.6,11.0,False,132.23,-6.465,113.18,0.328,0.1669,57.192,34.113
4caa57,RYR24NN,,,1781598605,59.340575,17.806734,1336.1,10.1,False,132.19,-6.462,113.18,0.3278,0.16697,57.359,34.185
4caa57,RYR24NN,,,1781598606,59.341746,17.807126,1329.7,9.7,False,132.14,-6.459,113.18,0.3277,0.16704,57.526,34.256
4caa57,RYR24NN,,,1781598607,59.342915,17.807544,1323.2,10.3,False,132.09,-6.457,113.18,0.3276,0.16711,57.693,34.327
4caa57,RYR24NN,,,1781598608,59.344081,17.807986,1316.8,10.9,False,132.05,-6.454,113.18,0.3275,0.16717,57.86,34.399
4caa57,RYR24NN,,,1781598609,59.345243,17.808401,1310.3,10.3,False,131.33,-6.453,113.18,0.3274,0.1672,58.028,34.469
4caa57,RYR24NN,,,1781598610,59.346407,17.808786,1303.9,9.6,False,131.28,-6.451,113.18,0.3273,0.16727,58.195,34.54
4caa57,RYR24NN,,,1781598611,59.347568,17.809208,1297.4,10.5,False,131.23,-6.448,113.18,0.3271,0.16734,58.362,34.611
4caa57,RYR24NN,,,1781598612,59.348726,17.80965,1291.0,11.0,False,131.19,-6.446,113.18,0.327,0.1674,58.53,34.682
4caa57,RYR24NN,,,1781598613,59.349885,17.810079,1284.5,10.7,False,131.14,-6.443,113.18,0.3269,0.16747,58.697,34.753
4caa57,RYR24NN,,,1781598614,59.351042,17.810515,1278.1,10.9,False,131.1,-6.441,113.18,0.3268,0.16754,58.865,34.824
4caa57,RYR24NN,,,1781598615,59.352196,17.810989,1271.6,11.8,False,131.05,-6.438,113.18,0.3266,0.1676,59.032,34.894
4caa57,RYR24NN,,,1781598616,59.353355,17.811402,1265.2,10.3,False,131.01,-6.436,113.18,0.3265,0.16767,59.2,34.965
4caa57,RYR24NN,,,1781598617,59.354511,17.811845,1258.8,11.0,False,130.96,-6.433,113.18,0.3264,0.16774,59.368,35.036
4caa57,RYR24NN,,,1781598618,59.355665,17.812303,1252.3,11.4,False,130.92,-6.431,113.18,0.3263,0.16781,59.535,35.107
4caa57,RYR24NN,,,1781598619,59.35682,17.81274,1245.9,10.9,False,130.87,-6.428,113.18,0.3261,0.16787,59.703,35.177
4caa57,RYR24NN,,,1781598620,59.357974,17.813196,1239.5,11.4,False,130.82,-6.426,113.18,0.326,0.16794,59.871,35.248
4caa57,RYR24NN,,,1781598621,59.359127,17.813646,1233.1,11.2,False,130.78,-6.423,113.18,0.3259,0.168,60.039,35.318
4caa57,RYR24NN,,,1781598622,59.360282,17.814078,1226.6,10.8,False,130.73,-6.42,113.18,0.3258,0.16807,60.207,35.389
4caa57,RYR24NN,,,1781598623,59.361436,17.814518,1220.2,11.0,False,130.69,-6.418,113.18,0.3256,0.16814,60.375,35.46
4caa57,RYR24NN,,,1781598624,59.362602,17.814964,1213.8,11.0,False,132.09,-6.448,113.18,0.3262,0.16744,60.543,35.531
4caa57,RYR24NN,,,1781598625,59.363771,17.815374,1207.3,10.1,False,132.05,-6.446,113.18,0.3261,0.16751,60.71,35.602
4caa57,RYR24NN,,,1781598626,59.364934,17.815834,1200.9,11.4,False,132.0,-6.443,113.18,0.326,0.16758,60.878,35.674
4caa57,RYR24NN,,,1781598627,59.366101,17.816255,1194.5,10.4,False,131.96,-6.44,113.18,0.3259,0.16764,61.046,35.745
4caa57,RYR24NN,,,1781598628,59.367268,17.816674,1188.0,10.4,False,131.91,-6.438,113.18,0.3257,0.16771,61.213,35.816
4caa57,RYR24NN,,,1781598629,59.368432,17.817116,1181.6,10.9,False,131.86,-6.435,113.18,0.3256,0.16778,61.381,35.887
4caa57,RYR24NN,,,1781598630,59.3696,17.817518,1175.1,10.0,False,131.82,-6.433,113.18,0.3255,0.16784,61.549,35.958
4caa57,RYR24NN,,,1781598631,59.370763,17.81796,1168.7,11.0,False,131.77,-6.43,113.18,0.3254,0.16791,61.717,36.03
4caa57,RYR24NN,,,1781598632,59.371923,17.818432,1162.3,11.7,False,131.73,-6.428,113.18,0.3252,0.16798,61.885,36.101
4caa57,RYR24NN,,,1781598633,59.37309,17.818829,1155.9,9.8,False,131.68,-6.425,113.18,0.3251,0.16804,62.053,36.172
4caa57,RYR24NN,,,1781598634,59.374254,17.819238,1149.4,10.2,False,131.64,-6.423,113.18,0.325,0.16811,62.221,36.243
4caa57,RYR24NN,,,1781598635,59.375416,17.819676,1143.0,10.9,False,131.59,-6.42,113.18,0.3249,0.16818,62.389,36.314
4caa57,RYR24NN,,,1781598636,59.376579,17.820106,1136.6,10.7,False,131.55,-6.418,113.18,0.3247,0.16824,62.557,36.385
4caa57,RYR24NN,,,1781598637,59.377742,17.820523,1130.2,10.4,False,131.5,-6.415,113.18,0.3246,0.16831,62.726,36.456
4caa57,RYR24NN,,,1781598638,59.378906,17.820931,1123.8,10.1,False,131.46,-6.413,113.18,0.3245,0.16837,62.894,36.527
4caa57,RYR24NN,,,1781598639,59.380068,17.821357,1117.4,10.6,False,131.41,-6.41,113.18,0.3244,0.16844,63.063,36.598
4caa57,RYR24NN,,,1781598640,59.381228,17.82179,1111.0,10.8,False,131.37,-6.408,113.18,0.3243,0.16851,63.231,36.669
4caa57,RYR24NN,,,1781598641,59.382397,17.822128,1104.6,8.4,False,131.32,-6.405,113.18,0.3241,0.16857,63.4,36.74
4caa57,RYR24NN,,,1781598642,59.383556,17.822567,1098.1,10.9,False,131.28,-6.403,113.18,0.324,0.16864,63.568,36.811
4caa57,RYR24NN,,,1781598643,59.384713,17.823018,1091.7,11.2,False,131.23,-6.4,113.18,0.3239,0.1687,63.737,36.881
4caa57,RYR24NN,,,1781598644,59.385878,17.823385,1085.4,9.1,False,131.19,-6.398,113.18,0.3238,0.16877,63.906,36.952
4caa57,RYR24NN,,,1781598645,59.387039,17.823793,1079.0,10.2,False,131.14,-6.395,113.18,0.3236,0.16883,64.075,37.023
4caa57,RYR24NN,,,1781598646,59.388201,17.824185,1072.6,9.8,False,131.1,-6.393,113.18,0.3235,0.1689,64.243,37.094
4caa57,RYR24NN,,,1781598647,59.389363,17.824566,1066.2,9.5,False,131.05,-6.39,113.18,0.3234,0.16897,64.412,37.165
4caa57,RYR24NN,,,1781598648,59.390523,17.824973,1059.8,10.1,False,131.01,-6.388,113.18,0.3233,0.16903,64.581,37.235
4caa57,RYR24NN,,,1781598649,59.391682,17.825379,1053.4,10.1,False,130.96,-6.385,113.18,0.3232,0.1691,64.751,37.306
4caa57,RYR24NN,,,1781598650,59.392839,17.825807,1047.0,10.7,False,130.92,-6.383,113.18,0.323,0.16916,64.92,37.377
4caa57,RYR24NN,,,1781598651,59.394,17.826195,1040.6,9.7,False,130.87,-6.38,113.18,0.3229,0.16923,65.089,37.447
4caa57,RYR24NN,,,1781598652,59.395157,17.826614,1034.3,10.4,False,130.83,-6.378,113.18,0.3228,0.16929,65.258,37.518
4caa57,RYR24NN,,,1781598653,59.396312,17.827048,1027.9,10.8,False,130.79,-6.375,113.18,0.3227,0.16936,65.428,37.589
4caa57,RYR24NN,,,1781598654,59.397471,17.827432,1021.5,9.6,False,130.74,-6.373,113.18,0.3225,0.16942,65.597,37.659
4caa57,RYR24NN,,,1781598655,59.398627,17.827853,1015.1,10.5,False,130.7,-6.37,113.18,0.3224,0.16949,65.767,37.73
4caa57,RYR24NN,,,1781598656,59.399784,17.828248,1008.8,9.9,False,130.65,-6.368,113.18,0.3223,0.16955,65.936,37.8
4caa57,RYR24NN,,,1781598657,59.400942,17.828638,1002.4,9.7,False,130.61,-6.365,113.18,0.3222,0.16962,66.106,37.871
4caa57,RYR24NN,,,1781598658,59.402096,17.829058,996.0,10.5,False,130.56,-6.363,113.18,0.3221,0.16968,66.275,37.941
4caa57,RYR24NN,,,1781598659,59.403251,17.829472,989.7,10.3,False,130.52,-6.36,113.18,0.3219,0.16975,66.445,38.012
4caa57,RYR24NN,,,1781598660,59.404404,17.829901,983.3,10.7,False,130.48,-6.358,113.18,0.3218,0.16981,66.615,38.082
4caa57,RYR24NN,,,1781598661,59.405558,17.830309,977.0,10.2,False,130.43,-6.355,113.18,0.3217,0.16987,66.785,38.153
4caa57,RYR24NN,,,1781598662,59.406715,17.830683,970.6,9.4,False,130.39,-6.353,113.18,0.3216,0.16994,66.955,38.223
4caa57,RYR24NN,,,1781598663,59.407869,17.831083,964.3,10.0,False,130.34,-6.35,113.18,0.3215,0.17,67.125,38.294
4caa57,RYR24NN,,,1781598664,59.409023,17.831479,957.9,9.9,False,130.3,-6.348,113.18,0.3213,0.17007,67.295,38.364
4caa57,RYR24NN,,,1781598665,59.410175,17.831893,951.6,10.4,False,130.26,-6.345,113.18,0.3212,0.17013,67.465,38.434
4caa57,RYR24NN,,,1781598666,59.41133,17.832276,945.2,9.6,False,130.21,-6.343,113.18,0.3211,0.1702,67.635,38.505
4caa57,RYR24NN,,,1781598667,59.412481,17.832687,938.9,10.3,False,130.17,-6.34,113.18,0.321,0.17026,67.805,38.575
4caa57,RYR24NN,,,1781598668,59.413637,17.833052,932.6,9.1,False,130.12,-6.338,113.18,0.3209,0.17032,67.976,38.645
4caa57,RYR24NN,,,1781598669,59.414785,17.833484,926.2,10.8,False,130.08,-6.335,113.18,0.3207,0.17039,68.146,38.715
4caa57,RYR24NN,,,1781598670,59.41594,17.833853,919.9,9.2,False,130.04,-6.333,113.18,0.3206,0.17045,68.317,38.786
4caa57,RYR24NN,,,1781598671,59.416999,17.834236,913.8,10.4,False,119.8,-6.093,103.35,0.2928,0.16971,68.486,38.85
4caa57,RYR24NN,,,1781598672,59.418063,17.834567,907.7,9.0,False,119.76,-6.09,103.35,0.2926,0.16977,68.656,38.915
4caa57,RYR24NN,,,1781598673,59.41912,17.834973,901.6,11.1,False,119.72,-6.088,103.35,0.2925,0.16983,68.826,38.98
4caa57,RYR24NN,,,1781598674,59.420174,17.8354,895.5,11.6,False,119.69,-6.086,103.35,0.2924,0.16989,68.996,39.044
4caa57,RYR24NN,,,1781598675,59.421234,17.835764,889.4,9.9,False,119.65,-6.083,103.35,0.2923,0.16995,69.166,39.109
4caa57,RYR24NN,,,1781598676,59.422295,17.836113,883.4,9.5,False,119.61,-6.081,103.35,0.2922,0.17001,69.336,39.173
4caa57,RYR24NN,,,1781598677,59.423351,17.836509,877.3,10.8,False,119.57,-6.078,103.35,0.2921,0.17007,69.506,39.238
4caa57,RYR24NN,,,1781598678,59.424406,17.836903,871.2,10.7,False,119.46,-6.091,103.35,0.2923,0.16987,69.676,39.302
4caa57,RYR24NN,,,1781598679,59.425467,17.83723,865.1,8.9,False,119.42,-6.088,103.35,0.2921,0.16993,69.846,39.367
4caa57,RYR24NN,,,1781598680,59.426521,17.837622,859.0,10.7,False,119.39,-6.086,103.35,0.292,0.16999,70.016,39.431
4caa57,RYR24NN,,,1781598681,59.427578,17.837987,852.9,10.0,False,119.35,-6.083,103.35,0.2919,0.17005,70.186,39.496
4caa57,RYR24NN,,,1781598682,59.428635,17.838352,846.9,9.9,False,119.31,-6.081,103.35,0.2918,0.1701,70.356,39.56
4caa57,RYR24NN,,,1781598683,59.429693,17.838699,840.8,9.5,False,119.27,-6.079,103.35,0.2917,0.17016,70.526,39.625
4caa57,RYR24NN,,,1781598684,59.430748,17.839077,834.7,10.3,False,119.23,-6.076,103.35,0.2916,0.17022,70.696,39.689
4caa57,RYR24NN,,,1781598685,59.431801,17.839472,828.6,10.8,False,119.19,-6.074,103.35,0.2915,0.17028,70.866,39.753
4caa57,RYR24NN,,,1781598686,59.432859,17.8398,822.6,9.0,False,119.15,-6.071,103.35,0.2914,0.17034,71.037,39.818
4caa57,RYR24NN,,,1781598687,59.433909,17.840213,816.5,11.3,False,119.12,-6.069,103.35,0.2913,0.1704,71.207,39.882
4caa57,RYR24NN,,,1781598688,59.434963,17.840591,810.4,10.3,False,119.08,-6.067,103.35,0.2912,0.17046,71.378,39.946
4caa57,RYR24NN,,,1781598689,59.436021,17.840901,804.4,8.5,False,119.04,-6.064,103.35,0.2911,0.17052,71.548,40.011
4caa57,RYR24NN,,,1781598690,59.437071,17.841314,798.3,11.3,False,119.0,-6.062,103.35,0.291,0.17058,71.719,40.075
4caa57,RYR24NN,,,1781598691,59.438125,17.841723,792.2,11.1,False,119.49,-6.063,103.87,0.2923,0.17068,71.889,40.139
4caa57,RYR24NN,,,1781598692,59.43918,17.842097,786.2,10.2,False,119.22,-6.056,103.35,0.2908,0.17072,72.06,40.204
4caa57,RYR24NN,,,1781598693,59.440233,17.842433,780.1,9.2,False,118.65,-6.05,102.84,0.2892,0.17074,72.231,40.268
4caa57,RYR24NN,,,1781598694,59.441272,17.842864,774.1,11.9,False,118.08,-6.046,102.32,0.2877,0.17076,72.402,40.332
4caa57,RYR24NN,,,1781598695,59.442313,17.84322,768.0,9.9,False,117.52,-6.043,101.81,0.2861,0.17077,72.572,40.395
4caa57,RYR24NN,,,1781598696,59.443347,17.843598,762.0,10.5,False,116.95,-6.041,101.29,0.2846,0.17079,72.743,40.458
